project,date,author,aqua,condition,species,id,weight,temperature,salinity,statut,comment
mesocosm_monitoring,2019-02-11 14:20:00,jordan,B0,normal,s.hystrix,1,0.415,25.1,35.1,good,
mesocosm_monitoring,2019-02-11 14:20:00,jordan,B0,normal,s.hystrix,2,0.286,25.1,35.1,good,
mesocosm_monitoring,2019-02-11 14:20:00,jordan,B0,normal,s.hystrix,3,,25.1,35.1,dead,14h20
mesocosm_monitoring,2019-02-11 14:20:00,jordan,B0,normal,s.hystrix,4,1.059,25.1,35.1,good,
mesocosm_monitoring,2019-02-11 14:20:00,jordan,B0,normal,s.hystrix,5,0.677,25.1,35.1,good,
mesocosm_monitoring,2019-02-11 14:20:00,jordan,B0,normal,s.hystrix,6,0.394,25.1,35.1,good,
mesocosm_monitoring,2019-02-11 14:20:00,jordan,B0,normal,s.hystrix,7,0.795,25.1,35.1,good,
mesocosm_monitoring,2019-02-11 14:20:00,jordan,B0,normal,s.hystrix,8,0.228,25.1,35.1,good,
mesocosm_monitoring,2019-02-11 14:20:00,jordan,B0,normal,s.hystrix,9,0.508,25.1,35.1,good,
mesocosm_monitoring,2019-02-11 14:20:00,jordan,B0,normal,s.hystrix,10,0.929,25.1,35.1,good,
mesocosm_monitoring,2019-02-11 14:20:00,jordan,B0,normal,s.hystrix,11,0.519,25.1,35.1,good,
mesocosm_monitoring,2019-02-11 14:20:00,jordan,B0,normal,s.hystrix,12,1.088,25.1,35.1,good,
mesocosm_monitoring,2019-02-11 14:20:00,jordan,B0,normal,s.hystrix,13,0.603,25.1,35.1,good,
mesocosm_monitoring,2019-02-11 14:20:00,jordan,B0,normal,s.hystrix,14,0.224,25.1,35.1,good,
mesocosm_monitoring,2019-02-11 14:20:00,jordan,B0,normal,s.hystrix,15,,25.1,35.1,dead,
mesocosm_monitoring,2019-02-11 14:20:00,jordan,B0,normal,s.hystrix,16,,25.1,35.1,good,"numéro 16 à rejeter, mal mesuré"
mesocosm_monitoring,2019-02-11 14:20:00,jordan,B0,normal,s.hystrix,17,0.465,25.1,35.1,good,
mesocosm_monitoring,2019-02-11 14:20:00,jordan,B0,normal,s.hystrix,18,0.795,25.1,35.1,good,
mesocosm_monitoring,2019-02-11 14:20:00,jordan,B0,normal,s.hystrix,19,0.633,25.1,35.1,good,
mesocosm_monitoring,2019-02-11 14:20:00,jordan,B0,normal,s.hystrix,20,0.794,25.1,35.1,good,
mesocosm_monitoring,2019-02-11 14:20:00,jordan,B0,normal,s.hystrix,21,0.513,25.1,35.1,good,
mesocosm_monitoring,2019-02-11 14:20:00,jordan,B0,normal,s.hystrix,22,0.304,25.1,35.1,good,
mesocosm_monitoring,2019-02-11 14:20:00,jordan,B0,normal,s.hystrix,23,0.448,25.1,35.1,good,
mesocosm_monitoring,2019-02-11 14:20:00,jordan,B0,normal,s.hystrix,24,0.912,25.1,35.1,good,
mesocosm_monitoring,2019-02-11 14:20:00,jordan,B0,normal,s.hystrix,25,0.543,25.1,35.1,good,
mesocosm_monitoring,2019-02-11 14:20:00,jordan,B0,normal,s.hystrix,26,0.948,25.1,35.1,good,
mesocosm_monitoring,2019-02-11 14:20:00,jordan,B0,normal,s.hystrix,27,0.670,25.1,35.1,good,
mesocosm_monitoring,2019-02-11 14:20:00,jordan,B0,normal,s.hystrix,28,0.809,25.1,35.1,good,
mesocosm_monitoring,2019-02-11 14:20:00,jordan,B0,normal,s.hystrix,29,0.721,25.1,35.1,good,
mesocosm_monitoring,2019-02-11 14:20:00,jordan,B0,normal,s.hystrix,30,0.591,25.1,35.1,good,
mesocosm_monitoring,2019-02-11 14:20:00,jordan,B0,normal,s.hystrix,31,1.074,25.1,35.1,good,
mesocosm_monitoring,2019-02-11 14:20:00,jordan,B0,normal,s.hystrix,32,0.534,25.1,35.1,good,
mesocosm_monitoring,2019-02-11 14:20:00,jordan,B0,normal,s.hystrix,33,0.840,25.1,35.1,good,
mesocosm_monitoring,2019-02-11 14:20:00,jordan,B0,normal,s.hystrix,34,0.600,25.1,35.1,good,
mesocosm_monitoring,2019-02-11 14:20:00,jordan,B0,normal,s.hystrix,35,0.507,25.1,35.1,good,
mesocosm_monitoring,2019-02-11 14:20:00,jordan,B0,normal,s.hystrix,36,0.838,25.1,35.1,good,
mesocosm_monitoring,2019-02-11 14:20:00,jordan,B0,normal,s.hystrix,37,0.745,25.1,35.1,good,
mesocosm_monitoring,2019-02-11 14:20:00,jordan,B0,normal,s.hystrix,38,0.524,25.1,35.1,good,
mesocosm_monitoring,2019-02-11 14:20:00,jordan,B0,normal,s.hystrix,39,1.262,25.1,35.1,good,
mesocosm_monitoring,2019-02-11 14:20:00,jordan,B0,normal,s.hystrix,40,1.169,25.1,35.1,good,
mesocosm_monitoring,2019-02-11 14:20:00,jordan,B0,normal,s.hystrix,41,1.310,25.1,35.1,good,
mesocosm_monitoring,2019-02-11 14:20:00,jordan,B0,normal,s.hystrix,42,0.626,25.1,35.1,good,
mesocosm_monitoring,2019-02-11 14:20:00,jordan,B0,normal,s.hystrix,43,0.742,25.1,35.1,good,
mesocosm_monitoring,2019-02-11 14:20:00,jordan,B0,normal,s.hystrix,44,1.478,25.1,35.1,good,
mesocosm_monitoring,2019-02-11 14:20:00,jordan,B0,normal,s.hystrix,45,0.700,25.1,35.1,good,
mesocosm_monitoring,2019-02-11 14:20:00,jordan,B0,normal,s.hystrix,46,0.783,25.1,35.1,good,
mesocosm_monitoring,2019-02-11 14:20:00,jordan,B0,normal,s.hystrix,47,0.469,25.1,35.1,good,
mesocosm_monitoring,2019-02-11 14:20:00,jordan,B0,normal,s.hystrix,48,0.837,25.1,35.1,good,
mesocosm_monitoring,2019-02-11 14:20:00,jordan,B0,normal,s.hystrix,49,1.373,25.1,35.1,good,
mesocosm_monitoring,2019-02-11 14:20:00,jordan,B0,normal,s.hystrix,50,0.448,25.1,35.1,good,
mesocosm_monitoring,2019-02-11 14:20:00,jordan,B0,normal,s.hystrix,51,1.147,25.1,35.1,good,
mesocosm_monitoring,2019-02-11 14:20:00,jordan,B0,normal,s.hystrix,52,0.756,25.1,35.1,good,
mesocosm_monitoring,2019-02-11 14:20:00,jordan,B0,normal,s.hystrix,53,0.984,25.1,35.1,good,
mesocosm_monitoring,2019-02-11 14:20:00,jordan,B0,normal,s.hystrix,54,0.693,25.1,35.1,good,
mesocosm_monitoring,2019-02-11 14:20:00,jordan,B0,normal,s.hystrix,55,0.585,25.1,35.1,good,
mesocosm_monitoring,2019-02-11 14:20:00,jordan,B0,normal,s.hystrix,56,0.887,25.1,35.1,good,
mesocosm_monitoring,2019-02-11 14:20:00,jordan,B0,normal,s.hystrix,57,1.363,25.1,35.1,good,
mesocosm_monitoring,2019-02-11 14:20:00,jordan,B0,normal,s.hystrix,58,0.959,25.1,35.1,good,
mesocosm_monitoring,2019-02-11 14:20:00,jordan,B0,normal,s.hystrix,59,0.794,25.1,35.1,good,
mesocosm_monitoring,2019-02-11 14:20:00,jordan,B0,normal,s.hystrix,60,0.910,25.1,35.1,good,
mesocosm_monitoring,2019-02-11 14:20:00,jordan,B0,normal,s.hystrix,61,0.486,25.1,35.1,good,
mesocosm_monitoring,2019-02-11 14:20:00,jordan,B0,normal,s.hystrix,62,0.894,25.1,35.1,good,
mesocosm_monitoring,2019-02-11 14:20:00,jordan,B0,normal,s.hystrix,63,1.425,25.1,35.1,good,
mesocosm_monitoring,2019-02-11 14:20:00,jordan,B0,normal,s.hystrix,64,1.053,25.1,35.1,good,
mesocosm_monitoring,2019-02-11 14:20:00,jordan,B0,normal,s.hystrix,65,1.701,25.1,35.1,good,
mesocosm_monitoring,2019-02-11 14:20:00,jordan,B0,normal,s.hystrix,66,1.066,25.1,35.1,good,
mesocosm_monitoring,2019-02-11 14:20:00,jordan,B0,normal,s.hystrix,67,1.221,25.1,35.1,good,
mesocosm_monitoring,2019-02-11 14:20:00,jordan,B0,normal,s.hystrix,68,1.100,25.1,35.1,good,
mesocosm_monitoring,2019-02-11 14:20:00,jordan,B0,normal,s.hystrix,69,1.249,25.1,35.1,good,
mesocosm_monitoring,2019-02-11 14:20:00,jordan,B0,normal,s.hystrix,70,0.319,25.1,35.1,good,
mesocosm_monitoring,2019-02-11 14:20:00,jordan,B0,normal,s.hystrix,71,0.935,25.1,35.1,good,
mesocosm_monitoring,2019-02-11 14:20:00,jordan,B0,normal,s.hystrix,72,1.023,25.1,35.1,good,
mesocosm_monitoring,2019-02-11 14:20:00,jordan,B0,normal,s.hystrix,73,0.656,25.1,35.1,good,
mesocosm_monitoring,2019-02-11 14:20:00,jordan,B0,normal,s.hystrix,74,1.193,25.1,35.1,good,
mesocosm_monitoring,2019-02-11 14:20:00,jordan,B0,normal,s.hystrix,75,1.382,25.1,35.1,good,
mesocosm_monitoring,2019-02-11 14:20:00,jordan,B0,normal,s.hystrix,76,0.292,25.1,35.1,good,
mesocosm_monitoring,2019-02-11 14:20:00,jordan,B0,normal,s.hystrix,77,0.943,25.1,35.1,good,
mesocosm_monitoring,2019-02-11 14:20:00,jordan,B0,normal,s.hystrix,78,1.183,25.1,35.1,good,
mesocosm_monitoring,2019-02-11 14:20:00,jordan,B0,normal,s.hystrix,79,0.808,25.1,35.1,good,
mesocosm_monitoring,2019-02-11 14:20:00,jordan,B0,normal,s.hystrix,80,1.057,25.1,35.1,good,
mesocosm_monitoring,2019-02-11 14:20:00,jordan,B0,normal,s.hystrix,81,,25.1,35.1,good,Les lignes 81 à 84 ont été oublié
mesocosm_monitoring,2019-02-11 14:20:00,jordan,B0,normal,s.hystrix,82,,25.1,35.1,good,
mesocosm_monitoring,2019-02-11 14:20:00,jordan,B0,normal,s.hystrix,83,,25.1,35.1,good,
mesocosm_monitoring,2019-02-11 14:20:00,jordan,B0,normal,s.hystrix,84,,25.1,35.1,good,
mesocosm_monitoring,2019-02-15 13:00:00,jordan,B0,normal,s.hystrix,1,0.438,25.2,35.1,good,
mesocosm_monitoring,2019-02-15 13:00:00,jordan,B0,normal,s.hystrix,2,0.299,25.2,35.1,good,
mesocosm_monitoring,2019-02-15 13:00:00,jordan,B0,normal,s.hystrix,3,,25.2,35.1,dead,13h06
mesocosm_monitoring,2019-02-15 13:00:00,jordan,B0,normal,s.hystrix,4,1.103,25.2,35.1,good,
mesocosm_monitoring,2019-02-15 13:00:00,jordan,B0,normal,s.hystrix,5,0.697,25.2,35.1,good,
mesocosm_monitoring,2019-02-15 13:00:00,jordan,B0,normal,s.hystrix,6,0.406,25.2,35.1,good,
mesocosm_monitoring,2019-02-15 13:00:00,jordan,B0,normal,s.hystrix,7,0.825,25.2,35.1,good,
mesocosm_monitoring,2019-02-15 13:00:00,jordan,B0,normal,s.hystrix,8,0.238,25.2,35.1,good,
mesocosm_monitoring,2019-02-15 13:00:00,jordan,B0,normal,s.hystrix,9,0.546,25.2,35.1,good,
mesocosm_monitoring,2019-02-15 13:00:00,jordan,B0,normal,s.hystrix,10,0.967,25.2,35.1,good,
mesocosm_monitoring,2019-02-15 13:00:00,jordan,B0,normal,s.hystrix,11,0.540,25.2,35.1,good,
mesocosm_monitoring,2019-02-15 13:00:00,jordan,B0,normal,s.hystrix,12,1.113,25.2,35.1,good,
mesocosm_monitoring,2019-02-15 13:00:00,jordan,B0,normal,s.hystrix,13,0.624,25.2,35.1,good,
mesocosm_monitoring,2019-02-15 13:00:00,jordan,B0,normal,s.hystrix,14,0.231,25.2,35.1,good,
mesocosm_monitoring,2019-02-15 13:00:00,jordan,B0,normal,s.hystrix,15,,25.2,35.1,dead,
mesocosm_monitoring,2019-02-15 13:00:00,jordan,B0,normal,s.hystrix,16,0.224,25.2,35.1,good,vérifier les mesures de la numéro 16
mesocosm_monitoring,2019-02-15 13:00:00,jordan,B0,normal,s.hystrix,17,0.486,25.2,35.1,good,
mesocosm_monitoring,2019-02-15 13:00:00,jordan,B0,normal,s.hystrix,18,0.831,25.2,35.1,good,
mesocosm_monitoring,2019-02-15 13:00:00,jordan,B0,normal,s.hystrix,19,0.650,25.2,35.1,good,
mesocosm_monitoring,2019-02-15 13:00:00,jordan,B0,normal,s.hystrix,20,0.804,25.2,35.1,good,
mesocosm_monitoring,2019-02-15 13:00:00,jordan,B0,normal,s.hystrix,21,0.530,25.2,35.1,good,
mesocosm_monitoring,2019-02-15 13:00:00,jordan,B0,normal,s.hystrix,22,0.316,25.2,35.1,good,
mesocosm_monitoring,2019-02-15 13:00:00,jordan,B0,normal,s.hystrix,23,0.468,25.2,35.1,good,
mesocosm_monitoring,2019-02-15 13:00:00,jordan,B0,normal,s.hystrix,24,0.922,25.2,35.1,good,
mesocosm_monitoring,2019-02-15 13:00:00,jordan,B0,normal,s.hystrix,25,0.557,25.2,35.1,good,
mesocosm_monitoring,2019-02-15 13:00:00,jordan,B0,normal,s.hystrix,26,0.971,25.2,35.1,good,
mesocosm_monitoring,2019-02-15 13:00:00,jordan,B0,normal,s.hystrix,27,0.693,25.2,35.1,good,
mesocosm_monitoring,2019-02-15 13:00:00,jordan,B0,normal,s.hystrix,28,0.832,25.2,35.1,good,
mesocosm_monitoring,2019-02-15 13:00:00,jordan,B0,normal,s.hystrix,29,0.750,25.2,35.1,good,
mesocosm_monitoring,2019-02-15 13:00:00,jordan,B0,normal,s.hystrix,30,0.608,25.2,35.1,good,
mesocosm_monitoring,2019-02-15 13:00:00,jordan,B0,normal,s.hystrix,31,1.103,25.2,35.1,good,
mesocosm_monitoring,2019-02-15 13:00:00,jordan,B0,normal,s.hystrix,32,0.556,25.2,35.1,good,
mesocosm_monitoring,2019-02-15 13:00:00,jordan,B0,normal,s.hystrix,33,0.883,25.2,35.1,good,
mesocosm_monitoring,2019-02-15 13:00:00,jordan,B0,normal,s.hystrix,34,0.625,25.2,35.1,good,
mesocosm_monitoring,2019-02-15 13:00:00,jordan,B0,normal,s.hystrix,35,0.521,25.2,35.1,good,
mesocosm_monitoring,2019-02-15 13:00:00,jordan,B0,normal,s.hystrix,36,0.852,25.2,35.1,good,
mesocosm_monitoring,2019-02-15 13:00:00,jordan,B0,normal,s.hystrix,37,0.761,25.2,35.1,good,
mesocosm_monitoring,2019-02-15 13:00:00,jordan,B0,normal,s.hystrix,38,0.544,25.2,35.1,good,
mesocosm_monitoring,2019-02-15 13:00:00,jordan,B0,normal,s.hystrix,39,1.302,25.2,35.1,good,
mesocosm_monitoring,2019-02-15 13:00:00,jordan,B0,normal,s.hystrix,40,1.215,25.2,35.1,good,
mesocosm_monitoring,2019-02-15 13:00:00,jordan,B0,normal,s.hystrix,41,1.349,25.2,35.1,good,
mesocosm_monitoring,2019-02-15 13:00:00,jordan,B0,normal,s.hystrix,42,0.643,25.2,35.1,good,
mesocosm_monitoring,2019-02-15 13:00:00,jordan,B0,normal,s.hystrix,43,0.772,25.2,35.1,good,
mesocosm_monitoring,2019-02-15 13:00:00,jordan,B0,normal,s.hystrix,44,1.519,25.2,35.1,good,
mesocosm_monitoring,2019-02-15 13:00:00,jordan,B0,normal,s.hystrix,45,0.722,25.2,35.1,good,
mesocosm_monitoring,2019-02-15 13:00:00,jordan,B0,normal,s.hystrix,46,0.808,25.2,35.1,good,
mesocosm_monitoring,2019-02-15 13:00:00,jordan,B0,normal,s.hystrix,47,0.479,25.2,35.1,good,
mesocosm_monitoring,2019-02-15 13:00:00,jordan,B0,normal,s.hystrix,48,0.859,25.2,35.1,good,
mesocosm_monitoring,2019-02-15 13:00:00,jordan,B0,normal,s.hystrix,49,1.420,25.2,35.1,good,
mesocosm_monitoring,2019-02-15 13:00:00,jordan,B0,normal,s.hystrix,50,0.468,25.2,35.1,good,
mesocosm_monitoring,2019-02-15 13:00:00,jordan,B0,normal,s.hystrix,51,1.170,25.2,35.1,good,
mesocosm_monitoring,2019-02-15 13:00:00,jordan,B0,normal,s.hystrix,52,0.775,25.2,35.1,good,
mesocosm_monitoring,2019-02-15 13:00:00,jordan,B0,normal,s.hystrix,53,1.024,25.2,35.1,good,
mesocosm_monitoring,2019-02-15 13:00:00,jordan,B0,normal,s.hystrix,54,0.707,25.2,35.1,good,
mesocosm_monitoring,2019-02-15 13:00:00,jordan,B0,normal,s.hystrix,55,0.592,25.2,35.1,good,
mesocosm_monitoring,2019-02-15 13:00:00,jordan,B0,normal,s.hystrix,56,0.912,25.2,35.1,good,
mesocosm_monitoring,2019-02-15 13:00:00,jordan,B0,normal,s.hystrix,57,1.430,25.2,35.1,good,
mesocosm_monitoring,2019-02-15 13:00:00,jordan,B0,normal,s.hystrix,58,1.004,25.2,35.1,good,
mesocosm_monitoring,2019-02-15 13:00:00,jordan,B0,normal,s.hystrix,59,0.826,25.2,35.1,good,
mesocosm_monitoring,2019-02-15 13:00:00,jordan,B0,normal,s.hystrix,60,0.927,25.2,35.1,good,
mesocosm_monitoring,2019-02-15 13:00:00,jordan,B0,normal,s.hystrix,61,0.489,25.2,35.1,good,
mesocosm_monitoring,2019-02-15 13:00:00,jordan,B0,normal,s.hystrix,62,0.932,25.2,35.1,good,
mesocosm_monitoring,2019-02-15 13:00:00,jordan,B0,normal,s.hystrix,63,1.489,25.2,35.1,good,
mesocosm_monitoring,2019-02-15 13:00:00,jordan,B0,normal,s.hystrix,64,1.068,25.2,35.1,good,
mesocosm_monitoring,2019-02-15 13:00:00,jordan,B0,normal,s.hystrix,65,1.753,25.2,35.1,good,
mesocosm_monitoring,2019-02-15 13:00:00,jordan,B0,normal,s.hystrix,66,1.105,25.2,35.1,good,
mesocosm_monitoring,2019-02-15 13:00:00,jordan,B0,normal,s.hystrix,67,1.275,25.2,35.1,good,
mesocosm_monitoring,2019-02-15 13:00:00,jordan,B0,normal,s.hystrix,68,1.123,25.2,35.1,good,
mesocosm_monitoring,2019-02-15 13:00:00,jordan,B0,normal,s.hystrix,69,1.293,25.2,35.1,good,
mesocosm_monitoring,2019-02-15 13:00:00,jordan,B0,normal,s.hystrix,70,0.329,25.2,35.1,good,
mesocosm_monitoring,2019-02-15 13:00:00,jordan,B0,normal,s.hystrix,71,0.960,25.2,35.1,good,
mesocosm_monitoring,2019-02-15 13:00:00,jordan,B0,normal,s.hystrix,72,1.066,25.2,35.1,good,
mesocosm_monitoring,2019-02-15 13:00:00,jordan,B0,normal,s.hystrix,73,0.685,25.2,35.1,good,
mesocosm_monitoring,2019-02-15 13:00:00,jordan,B0,normal,s.hystrix,74,1.232,25.2,35.1,good,
mesocosm_monitoring,2019-02-15 13:00:00,jordan,B0,normal,s.hystrix,75,1.434,25.2,35.1,good,
mesocosm_monitoring,2019-02-15 13:00:00,jordan,B0,normal,s.hystrix,76,0.300,25.2,35.1,good,
mesocosm_monitoring,2019-02-15 13:00:00,jordan,B0,normal,s.hystrix,77,0.975,25.2,35.1,good,
mesocosm_monitoring,2019-02-15 13:00:00,jordan,B0,normal,s.hystrix,78,1.228,25.2,35.1,good,
mesocosm_monitoring,2019-02-15 13:00:00,jordan,B0,normal,s.hystrix,79,0.865,25.2,35.1,good,
mesocosm_monitoring,2019-02-15 13:00:00,jordan,B0,normal,s.hystrix,80,1.112,25.2,35.1,good,
mesocosm_monitoring,2019-02-15 13:00:00,jordan,B0,normal,s.hystrix,81,0.502,25.2,35.1,good,
mesocosm_monitoring,2019-02-15 13:00:00,jordan,B0,normal,s.hystrix,82,1.665,25.2,35.1,good,
mesocosm_monitoring,2019-02-15 13:00:00,jordan,B0,normal,s.hystrix,83,0.600,25.2,35.1,good,
mesocosm_monitoring,2019-02-15 13:00:00,jordan,B0,normal,s.hystrix,84,0.592,25.2,35.1,good,
mesocosm_monitoring,2019-02-19 15:00:00,jordan,B0,normal,s.hystrix,1,0.460,25.0,35.0,good,
mesocosm_monitoring,2019-02-19 15:00:00,jordan,B0,normal,s.hystrix,2,0.311,25.0,35.0,good,
mesocosm_monitoring,2019-02-19 15:00:00,jordan,B0,normal,s.hystrix,3,,25.0,35.0,dead,
mesocosm_monitoring,2019-02-19 15:00:00,jordan,B0,normal,s.hystrix,4,1.153,25.0,35.0,good,
mesocosm_monitoring,2019-02-19 15:00:00,jordan,B0,normal,s.hystrix,5,0.720,25.0,35.0,good,
mesocosm_monitoring,2019-02-19 15:00:00,jordan,B0,normal,s.hystrix,6,0.425,25.0,35.0,good,
mesocosm_monitoring,2019-02-19 15:00:00,jordan,B0,normal,s.hystrix,7,0.861,25.0,35.0,good,
mesocosm_monitoring,2019-02-19 15:00:00,jordan,B0,normal,s.hystrix,8,0.246,25.0,35.0,good,
mesocosm_monitoring,2019-02-19 15:00:00,jordan,B0,normal,s.hystrix,9,0.580,25.0,35.0,good,
mesocosm_monitoring,2019-02-19 15:00:00,jordan,B0,normal,s.hystrix,10,1.010,25.0,35.0,good,
mesocosm_monitoring,2019-02-19 15:00:00,jordan,B0,normal,s.hystrix,11,0.564,25.0,35.0,good,
mesocosm_monitoring,2019-02-19 15:00:00,jordan,B0,normal,s.hystrix,12,1.149,25.0,35.0,good,
mesocosm_monitoring,2019-02-19 15:00:00,jordan,B0,normal,s.hystrix,13,0.645,25.0,35.0,good,
mesocosm_monitoring,2019-02-19 15:00:00,jordan,B0,normal,s.hystrix,14,0.238,25.0,35.0,good,
mesocosm_monitoring,2019-02-19 15:00:00,jordan,B0,normal,s.hystrix,15,,25.0,35.0,dead,
mesocosm_monitoring,2019-02-19 15:00:00,jordan,B0,normal,s.hystrix,16,0.298,25.0,35.0,good,
mesocosm_monitoring,2019-02-19 15:00:00,jordan,B0,normal,s.hystrix,17,0.511,25.0,35.0,good,
mesocosm_monitoring,2019-02-19 15:00:00,jordan,B0,normal,s.hystrix,18,0.868,25.0,35.0,good,
mesocosm_monitoring,2019-02-19 15:00:00,jordan,B0,normal,s.hystrix,19,0.672,25.0,35.0,good,
mesocosm_monitoring,2019-02-19 15:00:00,jordan,B0,normal,s.hystrix,20,0.816,25.0,35.0,good,
mesocosm_monitoring,2019-02-19 15:00:00,jordan,B0,normal,s.hystrix,21,0.545,25.0,35.0,good,
mesocosm_monitoring,2019-02-19 15:00:00,jordan,B0,normal,s.hystrix,22,0.328,25.0,35.0,good,
mesocosm_monitoring,2019-02-19 15:00:00,jordan,B0,normal,s.hystrix,23,0.483,25.0,35.0,good,
mesocosm_monitoring,2019-02-19 15:00:00,jordan,B0,normal,s.hystrix,24,0.934,25.0,35.0,good,
mesocosm_monitoring,2019-02-19 15:00:00,jordan,B0,normal,s.hystrix,25,0.578,25.0,35.0,good,
mesocosm_monitoring,2019-02-19 15:00:00,jordan,B0,normal,s.hystrix,26,1.005,25.0,35.0,good,
mesocosm_monitoring,2019-02-19 15:00:00,jordan,B0,normal,s.hystrix,27,0.720,25.0,35.0,good,
mesocosm_monitoring,2019-02-19 15:00:00,jordan,B0,normal,s.hystrix,28,0.860,25.0,35.0,good,
mesocosm_monitoring,2019-02-19 15:00:00,jordan,B0,normal,s.hystrix,29,0.789,25.0,35.0,good,
mesocosm_monitoring,2019-02-19 15:00:00,jordan,B0,normal,s.hystrix,30,0.630,25.0,35.0,good,
mesocosm_monitoring,2019-02-19 15:00:00,jordan,B0,normal,s.hystrix,31,1.145,25.0,35.0,good,
mesocosm_monitoring,2019-02-19 15:00:00,jordan,B0,normal,s.hystrix,32,0.523,25.0,35.0,good,numéro 32 est tombé est a perdu une petite branche
mesocosm_monitoring,2019-02-19 15:00:00,jordan,B0,normal,s.hystrix,33,0.926,25.0,35.0,good,
mesocosm_monitoring,2019-02-19 15:00:00,jordan,B0,normal,s.hystrix,34,0.656,25.0,35.0,good,
mesocosm_monitoring,2019-02-19 15:00:00,jordan,B0,normal,s.hystrix,35,0.536,25.0,35.0,good,
mesocosm_monitoring,2019-02-19 15:00:00,jordan,B0,normal,s.hystrix,36,0.870,25.0,35.0,good,
mesocosm_monitoring,2019-02-19 15:00:00,jordan,B0,normal,s.hystrix,37,0.784,25.0,35.0,good,
mesocosm_monitoring,2019-02-19 15:00:00,jordan,B0,normal,s.hystrix,38,0.567,25.0,35.0,good,
mesocosm_monitoring,2019-02-19 15:00:00,jordan,B0,normal,s.hystrix,39,1.357,25.0,35.0,good,
mesocosm_monitoring,2019-02-19 15:00:00,jordan,B0,normal,s.hystrix,40,1.267,25.0,35.0,good,
mesocosm_monitoring,2019-02-21 10:00:00,jordan,B0,normal,s.hystrix,41,1.404,24.5,35.0,good,
mesocosm_monitoring,2019-02-21 10:00:00,jordan,B0,normal,s.hystrix,42,0.676,24.5,35.0,good,
mesocosm_monitoring,2019-02-21 10:00:00,jordan,B0,normal,s.hystrix,43,0.793,24.5,35.0,good,
mesocosm_monitoring,2019-02-21 10:00:00,jordan,B0,normal,s.hystrix,44,1.587,24.5,35.0,good,
mesocosm_monitoring,2019-02-21 10:00:00,jordan,B0,normal,s.hystrix,45,0.762,24.5,35.0,good,
mesocosm_monitoring,2019-02-21 10:00:00,jordan,B0,normal,s.hystrix,46,0.849,24.5,35.0,good,
mesocosm_monitoring,2019-02-21 10:00:00,jordan,B0,normal,s.hystrix,47,0.502,24.5,35.0,good,
mesocosm_monitoring,2019-02-21 10:00:00,jordan,B0,normal,s.hystrix,48,0.893,24.5,35.0,good,
mesocosm_monitoring,2019-02-21 10:00:00,jordan,B0,normal,s.hystrix,49,1.499,24.5,35.0,good,
mesocosm_monitoring,2019-02-21 10:00:00,jordan,B0,normal,s.hystrix,50,0.498,24.5,35.0,good,
mesocosm_monitoring,2019-02-21 10:00:00,jordan,B0,normal,s.hystrix,51,1.212,24.5,35.0,good,
mesocosm_monitoring,2019-02-21 10:00:00,jordan,B0,normal,s.hystrix,52,0.812,24.5,35.0,good,
mesocosm_monitoring,2019-02-21 10:00:00,jordan,B0,normal,s.hystrix,53,1.089,24.5,35.0,good,
mesocosm_monitoring,2019-02-21 10:00:00,jordan,B0,normal,s.hystrix,54,0.732,24.5,35.0,good,
mesocosm_monitoring,2019-02-21 10:00:00,jordan,B0,normal,s.hystrix,55,0.638,24.5,35.0,good,
mesocosm_monitoring,2019-02-21 10:00:00,jordan,B0,normal,s.hystrix,56,0.948,24.5,35.0,good,
mesocosm_monitoring,2019-02-21 10:00:00,jordan,B0,normal,s.hystrix,57,1.544,24.5,35.0,good,
mesocosm_monitoring,2019-02-21 10:00:00,jordan,B0,normal,s.hystrix,58,1.071,24.5,35.0,good,
mesocosm_monitoring,2019-02-21 10:00:00,jordan,B0,normal,s.hystrix,59,0.877,24.5,35.0,good,
mesocosm_monitoring,2019-02-21 10:00:00,jordan,B0,normal,s.hystrix,60,0.963,24.5,35.0,good,
mesocosm_monitoring,2019-02-21 10:00:00,jordan,B0,normal,s.hystrix,61,0.494,24.5,35.0,good,
mesocosm_monitoring,2019-02-21 10:00:00,jordan,B0,normal,s.hystrix,62,0.987,24.5,35.0,good,
mesocosm_monitoring,2019-02-21 10:00:00,jordan,B0,normal,s.hystrix,63,1.586,24.5,35.0,good,
mesocosm_monitoring,2019-02-21 10:00:00,jordan,B0,normal,s.hystrix,64,1.124,24.5,35.0,good,
mesocosm_monitoring,2019-02-21 10:00:00,jordan,B0,normal,s.hystrix,65,1.837,24.5,35.0,good,
mesocosm_monitoring,2019-02-21 10:00:00,jordan,B0,normal,s.hystrix,66,1.181,24.5,35.0,good,
mesocosm_monitoring,2019-02-21 10:00:00,jordan,B0,normal,s.hystrix,67,1.361,24.5,35.0,good,
mesocosm_monitoring,2019-02-21 10:00:00,jordan,B0,normal,s.hystrix,68,1.169,24.5,35.0,good,
mesocosm_monitoring,2019-02-21 10:00:00,jordan,B0,normal,s.hystrix,69,1.361,24.5,35.0,good,
mesocosm_monitoring,2019-02-21 10:00:00,jordan,B0,normal,s.hystrix,70,0.350,24.5,35.0,good,
mesocosm_monitoring,2019-02-21 10:00:00,jordan,B0,normal,s.hystrix,71,1.012,24.5,35.0,good,
mesocosm_monitoring,2019-02-21 10:00:00,jordan,B0,normal,s.hystrix,72,1.134,24.5,35.0,good,
mesocosm_monitoring,2019-02-21 10:00:00,jordan,B0,normal,s.hystrix,73,0.733,24.5,35.0,good,
mesocosm_monitoring,2019-02-21 10:00:00,jordan,B0,normal,s.hystrix,74,1.300,24.5,35.0,good,
mesocosm_monitoring,2019-02-21 10:00:00,jordan,B0,normal,s.hystrix,75,1.528,24.5,35.0,good,
mesocosm_monitoring,2019-02-21 10:00:00,jordan,B0,normal,s.hystrix,76,0.308,24.5,35.0,good,
mesocosm_monitoring,2019-02-21 10:00:00,jordan,B0,normal,s.hystrix,77,1.028,24.5,35.0,good,
mesocosm_monitoring,2019-02-21 10:00:00,jordan,B0,normal,s.hystrix,78,1.313,24.5,35.0,good,
mesocosm_monitoring,2019-02-21 10:00:00,jordan,B0,normal,s.hystrix,79,0.943,24.5,35.0,good,
mesocosm_monitoring,2019-02-21 10:00:00,jordan,B0,normal,s.hystrix,80,1.192,24.5,35.0,good,
mesocosm_monitoring,2019-02-21 10:00:00,jordan,B0,normal,s.hystrix,81,0.533,24.5,35.0,good,
mesocosm_monitoring,2019-02-21 10:00:00,jordan,B0,normal,s.hystrix,82,1.783,24.5,35.0,good,
mesocosm_monitoring,2019-02-21 10:00:00,jordan,B0,normal,s.hystrix,83,0.650,24.5,35.0,good,
mesocosm_monitoring,2019-02-21 10:00:00,jordan,B0,normal,s.hystrix,84,0.632,24.5,35.0,good,
mesocosm_monitoring,2019-02-22 09:30:00,jordan,B0,normal,s.hystrix,1,0.475,25.0,35.2,good,
mesocosm_monitoring,2019-02-22 09:30:00,jordan,B0,normal,s.hystrix,2,0.320,25.0,35.2,good,
mesocosm_monitoring,2019-02-22 09:30:00,jordan,B0,normal,s.hystrix,3,,25.0,35.2,dead,
mesocosm_monitoring,2019-02-22 09:30:00,jordan,B0,normal,s.hystrix,4,1.170,25.0,35.2,good,
mesocosm_monitoring,2019-02-22 09:30:00,jordan,B0,normal,s.hystrix,5,0.734,25.0,35.2,good,
mesocosm_monitoring,2019-02-22 09:30:00,jordan,B0,normal,s.hystrix,6,0.436,25.0,35.2,good,
mesocosm_monitoring,2019-02-22 09:30:00,jordan,B0,normal,s.hystrix,7,0.879,25.0,35.2,good,
mesocosm_monitoring,2019-02-22 09:30:00,jordan,B0,normal,s.hystrix,8,0.255,25.0,35.2,good,
mesocosm_monitoring,2019-02-22 09:30:00,jordan,B0,normal,s.hystrix,9,0.587,25.0,35.2,good,
mesocosm_monitoring,2019-02-22 09:30:00,jordan,B0,normal,s.hystrix,10,1.036,25.0,35.2,good,
mesocosm_monitoring,2019-02-22 09:30:00,jordan,B0,normal,s.hystrix,11,0.580,25.0,35.2,good,
mesocosm_monitoring,2019-02-22 09:30:00,jordan,B0,normal,s.hystrix,12,1.172,25.0,35.2,good,
mesocosm_monitoring,2019-02-22 09:30:00,jordan,B0,normal,s.hystrix,13,0.659,25.0,35.2,good,
mesocosm_monitoring,2019-02-22 09:30:00,jordan,B0,normal,s.hystrix,14,0.242,25.0,35.2,good,
mesocosm_monitoring,2019-02-22 09:30:00,jordan,B0,normal,s.hystrix,15,,25.0,35.2,dead,
mesocosm_monitoring,2019-02-22 09:30:00,jordan,B0,normal,s.hystrix,16,0.300,25.0,35.2,good,
mesocosm_monitoring,2019-02-22 09:30:00,jordan,B0,normal,s.hystrix,17,0.527,25.0,35.2,good,
mesocosm_monitoring,2019-02-22 09:30:00,jordan,B0,normal,s.hystrix,18,0.892,25.0,35.2,good,
mesocosm_monitoring,2019-02-22 09:30:00,jordan,B0,normal,s.hystrix,19,0.683,25.0,35.2,good,
mesocosm_monitoring,2019-02-22 09:30:00,jordan,B0,normal,s.hystrix,20,0.823,25.0,35.2,good,
mesocosm_monitoring,2019-02-22 09:30:00,jordan,B0,normal,s.hystrix,21,0.558,25.0,35.2,good,
mesocosm_monitoring,2019-02-22 09:30:00,jordan,B0,normal,s.hystrix,22,0.335,25.0,35.2,good,
mesocosm_monitoring,2019-02-22 09:30:00,jordan,B0,normal,s.hystrix,23,0.492,25.0,35.2,good,
mesocosm_monitoring,2019-02-22 09:30:00,jordan,B0,normal,s.hystrix,24,0.935,25.0,35.2,good,
mesocosm_monitoring,2019-02-22 09:30:00,jordan,B0,normal,s.hystrix,25,0.590,25.0,35.2,good,
mesocosm_monitoring,2019-02-22 09:30:00,jordan,B0,normal,s.hystrix,26,1.026,25.0,35.2,good,
mesocosm_monitoring,2019-02-22 09:30:00,jordan,B0,normal,s.hystrix,27,0.736,25.0,35.2,good,
mesocosm_monitoring,2019-02-22 09:30:00,jordan,B0,normal,s.hystrix,28,0.877,25.0,35.2,good,
mesocosm_monitoring,2019-02-22 09:30:00,jordan,B0,normal,s.hystrix,29,0.807,25.0,35.2,good,
mesocosm_monitoring,2019-02-22 09:30:00,jordan,B0,normal,s.hystrix,30,0.645,25.0,35.2,good,
mesocosm_monitoring,2019-02-22 09:30:00,jordan,B0,normal,s.hystrix,31,1.170,25.0,35.2,good,
mesocosm_monitoring,2019-02-22 09:30:00,jordan,B0,normal,s.hystrix,32,0.536,25.0,35.2,good,
mesocosm_monitoring,2019-02-22 09:30:00,jordan,B0,normal,s.hystrix,33,0.952,25.0,35.2,good,
mesocosm_monitoring,2019-02-22 09:30:00,jordan,B0,normal,s.hystrix,34,0.676,25.0,35.2,good,
mesocosm_monitoring,2019-02-22 09:30:00,jordan,B0,normal,s.hystrix,35,0.549,25.0,35.2,good,
mesocosm_monitoring,2019-02-22 09:30:00,jordan,B0,normal,s.hystrix,36,0.879,25.0,35.2,good,
mesocosm_monitoring,2019-02-22 09:30:00,jordan,B0,normal,s.hystrix,37,0.793,25.0,35.2,good,
mesocosm_monitoring,2019-02-22 09:30:00,jordan,B0,normal,s.hystrix,38,0.579,25.0,35.2,good,
mesocosm_monitoring,2019-02-22 09:30:00,jordan,B0,normal,s.hystrix,39,1.389,25.0,35.2,good,
mesocosm_monitoring,2019-02-22 09:30:00,jordan,B0,normal,s.hystrix,40,1.294,25.0,35.2,good,
mesocosm_monitoring,2019-02-25 13:00:00,jordan,B0,normal,s.hystrix,41,1.435,24.8,35.3,good,
mesocosm_monitoring,2019-02-25 13:00:00,jordan,B0,normal,s.hystrix,42,0.700,24.8,35.3,good,
mesocosm_monitoring,2019-02-25 13:00:00,jordan,B0,normal,s.hystrix,43,0.845,24.8,35.3,good,
mesocosm_monitoring,2019-02-25 13:00:00,jordan,B0,normal,s.hystrix,44,1.619,24.8,35.3,good,…
mesocosm_monitoring,2019-02-25 13:00:00,jordan,B0,normal,s.hystrix,45,0.784,24.8,35.3,good,
mesocosm_monitoring,2019-02-25 13:00:00,jordan,B0,normal,s.hystrix,46,0.869,24.8,35.3,good,
mesocosm_monitoring,2019-02-25 13:00:00,jordan,B0,normal,s.hystrix,47,0.510,24.8,35.3,good,
mesocosm_monitoring,2019-02-25 13:00:00,jordan,B0,normal,s.hystrix,48,0.929,24.8,35.3,good,
mesocosm_monitoring,2019-02-25 13:00:00,jordan,B0,normal,s.hystrix,49,1.547,24.8,35.3,good,
mesocosm_monitoring,2019-02-25 13:00:00,jordan,B0,normal,s.hystrix,50,0.515,24.8,35.3,good,
mesocosm_monitoring,2019-02-25 13:00:00,jordan,B0,normal,s.hystrix,51,1.254,24.8,35.3,good,
mesocosm_monitoring,2019-02-25 13:00:00,jordan,B0,normal,s.hystrix,52,0.833,24.8,35.3,good,
mesocosm_monitoring,2019-02-25 13:00:00,jordan,B0,normal,s.hystrix,53,1.124,24.8,35.3,good,
mesocosm_monitoring,2019-02-25 13:00:00,jordan,B0,normal,s.hystrix,54,0.747,24.8,35.3,good,
mesocosm_monitoring,2019-02-25 13:00:00,jordan,B0,normal,s.hystrix,55,0.650,24.8,35.3,good,
mesocosm_monitoring,2019-02-25 13:00:00,jordan,B0,normal,s.hystrix,56,0.970,24.8,35.3,good,
mesocosm_monitoring,2019-02-25 13:00:00,jordan,B0,normal,s.hystrix,57,1.613,24.8,35.3,good,
mesocosm_monitoring,2019-02-25 13:00:00,jordan,B0,normal,s.hystrix,58,1.102,24.8,35.3,good,
mesocosm_monitoring,2019-02-25 13:00:00,jordan,B0,normal,s.hystrix,59,0.904,24.8,35.3,good,
mesocosm_monitoring,2019-02-25 13:00:00,jordan,B0,normal,s.hystrix,60,0.991,24.8,35.3,good,
mesocosm_monitoring,2019-02-25 13:00:00,jordan,B0,normal,s.hystrix,61,0.498,24.8,35.3,good,
mesocosm_monitoring,2019-02-25 13:00:00,jordan,B0,normal,s.hystrix,62,1.021,24.8,35.3,good,
mesocosm_monitoring,2019-02-25 13:00:00,jordan,B0,normal,s.hystrix,63,1.651,24.8,35.3,good,
mesocosm_monitoring,2019-02-25 13:00:00,jordan,B0,normal,s.hystrix,64,1.148,24.8,35.3,good,
mesocosm_monitoring,2019-02-25 13:00:00,jordan,B0,normal,s.hystrix,65,1.876,24.8,35.3,good,
mesocosm_monitoring,2019-02-25 13:00:00,jordan,B0,normal,s.hystrix,66,1.226,24.8,35.3,good,
mesocosm_monitoring,2019-02-25 13:00:00,jordan,B0,normal,s.hystrix,67,1.408,24.8,35.3,good,
mesocosm_monitoring,2019-02-25 13:00:00,jordan,B0,normal,s.hystrix,68,1.188,24.8,35.3,good,
mesocosm_monitoring,2019-02-25 13:00:00,jordan,B0,normal,s.hystrix,69,1.398,24.8,35.3,good,
mesocosm_monitoring,2019-02-25 13:00:00,jordan,B0,normal,s.hystrix,70,0.357,24.8,35.3,good,
mesocosm_monitoring,2019-02-25 13:00:00,jordan,B0,normal,s.hystrix,71,1.045,24.8,35.3,good,
mesocosm_monitoring,2019-02-25 13:00:00,jordan,B0,normal,s.hystrix,72,1.177,24.8,35.3,good,
mesocosm_monitoring,2019-02-25 13:00:00,jordan,B0,normal,s.hystrix,73,0.750,24.8,35.3,good,
mesocosm_monitoring,2019-02-25 13:00:00,jordan,B0,normal,s.hystrix,74,1.333,24.8,35.3,good,
mesocosm_monitoring,2019-02-25 13:00:00,jordan,B0,normal,s.hystrix,75,1.579,24.8,35.3,good,
mesocosm_monitoring,2019-02-25 13:00:00,jordan,B0,normal,s.hystrix,76,0.311,24.8,35.3,good,
mesocosm_monitoring,2019-02-25 13:00:00,jordan,B0,normal,s.hystrix,77,1.053,24.8,35.3,good,
mesocosm_monitoring,2019-02-25 13:00:00,jordan,B0,normal,s.hystrix,78,1.366,24.8,35.3,good,
mesocosm_monitoring,2019-02-25 13:00:00,jordan,B0,normal,s.hystrix,79,0.990,24.8,35.3,good,
mesocosm_monitoring,2019-02-25 13:00:00,jordan,B0,normal,s.hystrix,80,1.228,24.8,35.3,good,
mesocosm_monitoring,2019-02-25 13:00:00,jordan,B0,normal,s.hystrix,81,0.540,24.8,35.3,good,
mesocosm_monitoring,2019-02-25 13:00:00,jordan,B0,normal,s.hystrix,82,1.839,24.8,35.3,good,
mesocosm_monitoring,2019-02-25 13:00:00,jordan,B0,normal,s.hystrix,83,0.671,24.8,35.3,good,
mesocosm_monitoring,2019-02-25 13:00:00,jordan,B0,normal,s.hystrix,84,0.650,24.8,35.3,good,
mesocosm_monitoring,2019-03-01 13:00:00,jordan,B0,normal,s.hystrix,1,0.508,25.0,35.3,good,13h00
mesocosm_monitoring,2019-03-01 13:00:00,jordan,B0,normal,s.hystrix,2,0.338,25.0,35.3,good,
mesocosm_monitoring,2019-03-01 13:00:00,jordan,B0,normal,s.hystrix,3,,25.0,35.3,dead,
mesocosm_monitoring,2019-03-01 13:00:00,jordan,B0,normal,s.hystrix,4,1.257,25.0,35.3,good,
mesocosm_monitoring,2019-03-01 13:00:00,jordan,B0,normal,s.hystrix,5,0.773,25.0,35.3,good,
mesocosm_monitoring,2019-03-01 13:00:00,jordan,B0,normal,s.hystrix,6,0.467,25.0,35.3,good,
mesocosm_monitoring,2019-03-01 13:00:00,jordan,B0,normal,s.hystrix,7,0.934,25.0,35.3,good,
mesocosm_monitoring,2019-03-01 13:00:00,jordan,B0,normal,s.hystrix,8,0.272,25.0,35.3,good,
mesocosm_monitoring,2019-03-01 13:00:00,jordan,B0,normal,s.hystrix,9,0.630,25.0,35.3,good,
mesocosm_monitoring,2019-03-01 13:00:00,jordan,B0,normal,s.hystrix,10,1.100,25.0,35.3,good,
mesocosm_monitoring,2019-03-01 13:00:00,jordan,B0,normal,s.hystrix,11,0.621,25.0,35.3,good,
mesocosm_monitoring,2019-03-01 13:00:00,jordan,B0,normal,s.hystrix,12,1.233,25.0,35.3,good,
mesocosm_monitoring,2019-03-01 13:00:00,jordan,B0,normal,s.hystrix,13,0.694,25.0,35.3,good,
mesocosm_monitoring,2019-03-01 13:00:00,jordan,B0,normal,s.hystrix,14,0.254,25.0,35.3,good,
mesocosm_monitoring,2019-03-01 13:00:00,jordan,B0,normal,s.hystrix,15,,25.0,35.3,dead,
mesocosm_monitoring,2019-03-01 13:00:00,jordan,B0,normal,s.hystrix,16,0.310,25.0,35.3,good,
mesocosm_monitoring,2019-03-01 13:00:00,jordan,B0,normal,s.hystrix,17,0.573,25.0,35.3,good,
mesocosm_monitoring,2019-03-01 13:00:00,jordan,B0,normal,s.hystrix,18,0.956,25.0,35.3,good,
mesocosm_monitoring,2019-03-01 13:00:00,jordan,B0,normal,s.hystrix,19,0.723,25.0,35.3,good,
mesocosm_monitoring,2019-03-01 13:00:00,jordan,B0,normal,s.hystrix,20,0.846,25.0,35.3,good,
mesocosm_monitoring,2019-03-01 13:00:00,jordan,B0,normal,s.hystrix,21,0.595,25.0,35.3,good,
mesocosm_monitoring,2019-03-01 13:00:00,jordan,B0,normal,s.hystrix,22,0.362,25.0,35.3,good,
mesocosm_monitoring,2019-03-01 13:00:00,jordan,B0,normal,s.hystrix,23,0.522,25.0,35.3,good,
mesocosm_monitoring,2019-03-01 13:00:00,jordan,B0,normal,s.hystrix,24,0.965,25.0,35.3,good,
mesocosm_monitoring,2019-03-01 13:00:00,jordan,B0,normal,s.hystrix,25,0.632,25.0,35.3,good,
mesocosm_monitoring,2019-03-01 13:00:00,jordan,B0,normal,s.hystrix,26,1.100,25.0,35.3,good,
mesocosm_monitoring,2019-03-01 13:00:00,jordan,B0,normal,s.hystrix,27,0.787,25.0,35.3,good,
mesocosm_monitoring,2019-03-01 13:00:00,jordan,B0,normal,s.hystrix,28,0.930,25.0,35.3,good,
mesocosm_monitoring,2019-03-01 13:00:00,jordan,B0,normal,s.hystrix,29,0.871,25.0,35.3,good,
mesocosm_monitoring,2019-03-01 13:00:00,jordan,B0,normal,s.hystrix,30,0.685,25.0,35.3,good,
mesocosm_monitoring,2019-03-01 13:00:00,jordan,B0,normal,s.hystrix,31,1.254,25.0,35.3,good,
mesocosm_monitoring,2019-03-01 13:00:00,jordan,B0,normal,s.hystrix,32,0.573,25.0,35.3,good,
mesocosm_monitoring,2019-03-01 13:00:00,jordan,B0,normal,s.hystrix,33,1.022,25.0,35.3,good,
mesocosm_monitoring,2019-03-01 13:00:00,jordan,B0,normal,s.hystrix,34,0.740,25.0,35.3,good,
mesocosm_monitoring,2019-03-01 13:00:00,jordan,B0,normal,s.hystrix,35,0.576,25.0,35.3,good,
mesocosm_monitoring,2019-03-01 13:00:00,jordan,B0,normal,s.hystrix,36,0.922,25.0,35.3,good,
mesocosm_monitoring,2019-03-01 13:00:00,jordan,B0,normal,s.hystrix,37,0.837,25.0,35.3,good,
mesocosm_monitoring,2019-03-01 13:00:00,jordan,B0,normal,s.hystrix,38,0.615,25.0,35.3,good,
mesocosm_monitoring,2019-03-01 13:00:00,jordan,B0,normal,s.hystrix,39,1.480,25.2,35.3,good,
mesocosm_monitoring,2019-03-01 13:00:00,jordan,B0,normal,s.hystrix,40,1.379,25.2,35.3,good,
mesocosm_monitoring,2019-03-01 13:00:00,jordan,B0,normal,s.hystrix,41,1.489,25.2,35.2,good,13h00
mesocosm_monitoring,2019-03-01 13:00:00,jordan,B0,normal,s.hystrix,42,0.718,25.2,35.2,good,
mesocosm_monitoring,2019-03-01 13:00:00,jordan,B0,normal,s.hystrix,43,0.889,25.2,35.2,good,
mesocosm_monitoring,2019-03-01 13:00:00,jordan,B0,normal,s.hystrix,44,1.678,25.2,35.2,good,
mesocosm_monitoring,2019-03-01 13:00:00,jordan,B0,normal,s.hystrix,45,0.819,25.2,35.2,good,
mesocosm_monitoring,2019-03-01 13:00:00,jordan,B0,normal,s.hystrix,46,0.907,25.2,35.2,good,
mesocosm_monitoring,2019-03-01 13:00:00,jordan,B0,normal,s.hystrix,47,0.533,25.2,35.2,good,
mesocosm_monitoring,2019-03-01 13:00:00,jordan,B0,normal,s.hystrix,48,0.973,25.2,35.2,good,
mesocosm_monitoring,2019-03-01 13:00:00,jordan,B0,normal,s.hystrix,49,1.616,25.2,35.2,good,
mesocosm_monitoring,2019-03-01 13:00:00,jordan,B0,normal,s.hystrix,50,0.543,25.2,35.2,good,
mesocosm_monitoring,2019-03-01 13:00:00,jordan,B0,normal,s.hystrix,51,1.294,25.2,35.2,good,
mesocosm_monitoring,2019-03-01 13:00:00,jordan,B0,normal,s.hystrix,52,0.873,25.2,35.2,good,
mesocosm_monitoring,2019-03-01 13:00:00,jordan,B0,normal,s.hystrix,53,1.179,25.2,35.2,good,
mesocosm_monitoring,2019-03-01 13:00:00,jordan,B0,normal,s.hystrix,54,0.768,25.2,35.2,good,
mesocosm_monitoring,2019-03-01 13:00:00,jordan,B0,normal,s.hystrix,55,0.678,25.2,35.2,good,
mesocosm_monitoring,2019-03-01 13:00:00,jordan,B0,normal,s.hystrix,56,1.002,25.2,35.2,good,
mesocosm_monitoring,2019-03-01 13:00:00,jordan,B0,normal,s.hystrix,57,1.704,25.2,35.2,good,
mesocosm_monitoring,2019-03-01 13:00:00,jordan,B0,normal,s.hystrix,58,1.156,25.2,35.2,good,
mesocosm_monitoring,2019-03-01 13:00:00,jordan,B0,normal,s.hystrix,59,0.947,25.2,35.2,good,
mesocosm_monitoring,2019-03-01 13:00:00,jordan,B0,normal,s.hystrix,60,1.025,25.2,35.2,good,
mesocosm_monitoring,2019-03-01 13:00:00,jordan,B0,normal,s.hystrix,61,0.509,25.2,35.2,good,
mesocosm_monitoring,2019-03-01 13:00:00,jordan,B0,normal,s.hystrix,62,1.071,25.2,35.2,good,
mesocosm_monitoring,2019-03-01 13:00:00,jordan,B0,normal,s.hystrix,63,1.739,25.2,35.2,good,
mesocosm_monitoring,2019-03-01 13:00:00,jordan,B0,normal,s.hystrix,64,1.191,25.2,35.2,good,
mesocosm_monitoring,2019-03-01 13:00:00,jordan,B0,normal,s.hystrix,65,1.944,25.2,35.2,good,
mesocosm_monitoring,2019-03-01 13:00:00,jordan,B0,normal,s.hystrix,66,1.288,25.2,35.2,good,
mesocosm_monitoring,2019-03-01 13:00:00,jordan,B0,normal,s.hystrix,67,1.482,25.2,35.2,good,
mesocosm_monitoring,2019-03-01 13:00:00,jordan,B0,normal,s.hystrix,68,1.218,25.2,35.2,good,
mesocosm_monitoring,2019-03-01 13:00:00,jordan,B0,normal,s.hystrix,69,1.452,25.2,35.2,good,
mesocosm_monitoring,2019-03-01 13:00:00,jordan,B0,normal,s.hystrix,70,0.373,25.2,35.2,good,
mesocosm_monitoring,2019-03-01 13:00:00,jordan,B0,normal,s.hystrix,71,1.091,25.2,35.2,good,
mesocosm_monitoring,2019-03-01 13:00:00,jordan,B0,normal,s.hystrix,72,1.228,25.2,35.2,good,
mesocosm_monitoring,2019-03-01 13:00:00,jordan,B0,normal,s.hystrix,73,0.784,25.2,35.2,good,
mesocosm_monitoring,2019-03-01 13:00:00,jordan,B0,normal,s.hystrix,74,1.390,25.2,35.2,good,
mesocosm_monitoring,2019-03-01 13:00:00,jordan,B0,normal,s.hystrix,75,1.645,25.2,35.2,good,
mesocosm_monitoring,2019-03-01 13:00:00,jordan,B0,normal,s.hystrix,76,0.319,25.2,35.2,good,
mesocosm_monitoring,2019-03-01 13:00:00,jordan,B0,normal,s.hystrix,77,1.096,25.2,35.2,good,
mesocosm_monitoring,2019-03-01 13:00:00,jordan,B0,normal,s.hystrix,78,1.439,25.2,35.2,good,
mesocosm_monitoring,2019-03-01 13:00:00,jordan,B0,normal,s.hystrix,79,1.048,25.2,35.2,good,
mesocosm_monitoring,2019-03-01 13:00:00,jordan,B0,normal,s.hystrix,80,1.300,25.2,35.2,good,
mesocosm_monitoring,2019-03-01 13:00:00,jordan,B0,normal,s.hystrix,81,0.548,25.2,35.2,good,
mesocosm_monitoring,2019-03-01 13:00:00,jordan,B0,normal,s.hystrix,82,1.930,25.2,35.2,good,
mesocosm_monitoring,2019-03-01 13:00:00,jordan,B0,normal,s.hystrix,83,0.708,25.2,35.2,good,
mesocosm_monitoring,2019-03-01 13:00:00,jordan,B0,normal,s.hystrix,84,0.683,25.2,35.2,good,
mesocosm_monitoring,2019-03-04 16:00:00,jordan,B0,normal,s.hystrix,1,0.528,25.0,35.2,good,15h20
mesocosm_monitoring,2019-03-04 16:00:00,jordan,B0,normal,s.hystrix,2,0.350,25.0,35.2,good,
mesocosm_monitoring,2019-03-04 16:00:00,jordan,B0,normal,s.hystrix,3,,25.0,35.2,dead,
mesocosm_monitoring,2019-03-04 16:00:00,jordan,B0,normal,s.hystrix,4,1.302,25.0,35.2,good,
mesocosm_monitoring,2019-03-04 16:00:00,jordan,B0,normal,s.hystrix,5,0.798,25.0,35.2,good,
mesocosm_monitoring,2019-03-04 16:00:00,jordan,B0,normal,s.hystrix,6,0.483,25.0,35.2,good,
mesocosm_monitoring,2019-03-04 16:00:00,jordan,B0,normal,s.hystrix,7,0.963,25.0,35.2,good,
mesocosm_monitoring,2019-03-04 16:00:00,jordan,B0,normal,s.hystrix,8,0.276,25.0,35.2,good,
mesocosm_monitoring,2019-03-04 16:00:00,jordan,B0,normal,s.hystrix,9,0.646,25.0,35.2,good,
mesocosm_monitoring,2019-03-04 16:00:00,jordan,B0,normal,s.hystrix,10,1.148,25.0,35.2,good,
mesocosm_monitoring,2019-03-04 16:00:00,jordan,B0,normal,s.hystrix,11,0.647,25.0,35.2,good,
mesocosm_monitoring,2019-03-04 16:00:00,jordan,B0,normal,s.hystrix,12,1.265,25.0,35.2,good,
mesocosm_monitoring,2019-03-04 16:00:00,jordan,B0,normal,s.hystrix,13,0.715,25.0,35.2,good,
mesocosm_monitoring,2019-03-04 16:00:00,jordan,B0,normal,s.hystrix,14,0.262,25.0,35.2,good,
mesocosm_monitoring,2019-03-04 16:00:00,jordan,B0,normal,s.hystrix,15,,25.0,35.2,dead,
mesocosm_monitoring,2019-03-04 16:00:00,jordan,B0,normal,s.hystrix,16,0.313,25.0,35.2,good,
mesocosm_monitoring,2019-03-04 16:00:00,jordan,B0,normal,s.hystrix,17,0.593,25.0,35.2,good,
mesocosm_monitoring,2019-03-04 16:00:00,jordan,B0,normal,s.hystrix,18,0.986,25.0,35.2,good,
mesocosm_monitoring,2019-03-04 16:00:00,jordan,B0,normal,s.hystrix,19,0.743,25.0,35.2,good,
mesocosm_monitoring,2019-03-04 16:00:00,jordan,B0,normal,s.hystrix,20,0.857,25.0,35.2,good,
mesocosm_monitoring,2019-03-04 16:00:00,jordan,B0,normal,s.hystrix,21,0.615,25.0,35.2,good,
mesocosm_monitoring,2019-03-04 16:00:00,jordan,B0,normal,s.hystrix,22,0.374,24.7,35.2,good,
mesocosm_monitoring,2019-03-04 16:00:00,jordan,B0,normal,s.hystrix,23,0.537,24.7,35.2,good,
mesocosm_monitoring,2019-03-04 16:00:00,jordan,B0,normal,s.hystrix,24,0.971,24.7,35.2,good,
mesocosm_monitoring,2019-03-04 16:00:00,jordan,B0,normal,s.hystrix,25,0.650,24.7,35.2,good,
mesocosm_monitoring,2019-03-04 16:00:00,jordan,B0,normal,s.hystrix,26,1.133,24.7,35.2,good,
mesocosm_monitoring,2019-03-04 16:00:00,jordan,B0,normal,s.hystrix,27,0.810,24.7,35.2,good,
mesocosm_monitoring,2019-03-04 16:00:00,jordan,B0,normal,s.hystrix,28,0.956,24.7,35.2,good,
mesocosm_monitoring,2019-03-04 16:00:00,jordan,B0,normal,s.hystrix,29,0.900,24.7,35.2,good,
mesocosm_monitoring,2019-03-04 16:00:00,jordan,B0,normal,s.hystrix,30,0.701,24.7,35.2,good,
mesocosm_monitoring,2019-03-04 16:00:00,jordan,B0,normal,s.hystrix,31,1.293,24.7,35.2,good,
mesocosm_monitoring,2019-03-04 16:00:00,jordan,B0,normal,s.hystrix,32,0.592,24.7,35.2,good,
mesocosm_monitoring,2019-03-04 16:00:00,jordan,B0,normal,s.hystrix,33,1.061,24.7,35.2,good,
mesocosm_monitoring,2019-03-04 16:00:00,jordan,B0,normal,s.hystrix,34,0.771,24.7,35.2,good,
mesocosm_monitoring,2019-03-04 16:00:00,jordan,B0,normal,s.hystrix,35,0.591,24.7,35.2,good,
mesocosm_monitoring,2019-03-04 16:00:00,jordan,B0,normal,s.hystrix,36,0.945,24.7,35.2,good,
mesocosm_monitoring,2019-03-04 16:00:00,jordan,B0,normal,s.hystrix,37,0.857,24.7,35.2,good,
mesocosm_monitoring,2019-03-04 16:00:00,jordan,B0,normal,s.hystrix,38,0.633,24.7,35.2,good,
mesocosm_monitoring,2019-03-04 16:00:00,jordan,B0,normal,s.hystrix,39,1.513,24.7,35.2,good,
mesocosm_monitoring,2019-03-04 16:00:00,jordan,B0,normal,s.hystrix,40,1.424,24.7,35.2,good,
mesocosm_monitoring,2019-03-04 16:00:00,jordan,B0,normal,s.hystrix,41,1.526,25.2,35.2,good,16h
mesocosm_monitoring,2019-03-04 16:00:00,jordan,B0,normal,s.hystrix,42,0.736,25.2,35.2,good,
mesocosm_monitoring,2019-03-04 16:00:00,jordan,B0,normal,s.hystrix,43,0.921,25.2,35.2,good,
mesocosm_monitoring,2019-03-04 16:00:00,jordan,B0,normal,s.hystrix,44,1.717,25.2,35.2,good,
mesocosm_monitoring,2019-03-04 16:00:00,jordan,B0,normal,s.hystrix,45,0.845,25.2,35.2,good,
mesocosm_monitoring,2019-03-04 16:00:00,jordan,B0,normal,s.hystrix,46,0.940,25.2,35.2,good,
mesocosm_monitoring,2019-03-04 16:00:00,jordan,B0,normal,s.hystrix,47,0.547,25.2,35.2,good,
mesocosm_monitoring,2019-03-04 16:00:00,jordan,B0,normal,s.hystrix,48,1.006,25.2,35.2,good,
mesocosm_monitoring,2019-03-04 16:00:00,jordan,B0,normal,s.hystrix,49,1.663,25.2,35.2,good,
mesocosm_monitoring,2019-03-04 16:00:00,jordan,B0,normal,s.hystrix,50,0.561,25.2,35.2,good,
mesocosm_monitoring,2019-03-04 16:00:00,jordan,B0,normal,s.hystrix,51,1.322,25.2,35.2,good,
mesocosm_monitoring,2019-03-04 16:00:00,jordan,B0,normal,s.hystrix,52,0.896,25.2,35.2,good,
mesocosm_monitoring,2019-03-04 16:00:00,jordan,B0,normal,s.hystrix,53,1.221,25.2,35.2,good,
mesocosm_monitoring,2019-03-04 16:00:00,jordan,B0,normal,s.hystrix,54,0.781,25.2,35.2,good,
mesocosm_monitoring,2019-03-04 16:00:00,jordan,B0,normal,s.hystrix,55,0.700,25.2,35.2,good,
mesocosm_monitoring,2019-03-04 16:00:00,jordan,B0,normal,s.hystrix,56,1.035,25.0,35.2,good,
mesocosm_monitoring,2019-03-04 16:00:00,jordan,B0,normal,s.hystrix,57,1.774,25.0,35.2,good,
mesocosm_monitoring,2019-03-04 16:00:00,jordan,B0,normal,s.hystrix,58,1.201,25.0,35.2,good,
mesocosm_monitoring,2019-03-04 16:00:00,jordan,B0,normal,s.hystrix,59,0.983,25.0,35.2,good,
mesocosm_monitoring,2019-03-04 16:00:00,jordan,B0,normal,s.hystrix,60,1.051,25.0,35.2,good,
mesocosm_monitoring,2019-03-04 16:00:00,jordan,B0,normal,s.hystrix,61,0.519,25.0,35.2,good,
mesocosm_monitoring,2019-03-04 16:00:00,jordan,B0,normal,s.hystrix,62,1.106,25.0,35.2,good,
mesocosm_monitoring,2019-03-04 16:00:00,jordan,B0,normal,s.hystrix,63,1.803,25.0,35.2,good,
mesocosm_monitoring,2019-03-04 16:00:00,jordan,B0,normal,s.hystrix,64,1.216,25.0,35.2,good,
mesocosm_monitoring,2019-03-04 16:00:00,jordan,B0,normal,s.hystrix,65,1.993,25.0,35.2,good,
mesocosm_monitoring,2019-03-04 16:00:00,jordan,B0,normal,s.hystrix,66,1.305,25.0,35.2,good,
mesocosm_monitoring,2019-03-04 16:00:00,jordan,B0,normal,s.hystrix,67,1.546,25.0,35.2,good,
mesocosm_monitoring,2019-03-04 16:00:00,jordan,B0,normal,s.hystrix,68,1.243,25.0,35.2,good,
mesocosm_monitoring,2019-03-04 16:00:00,jordan,B0,normal,s.hystrix,69,1.491,25.0,35.2,good,
mesocosm_monitoring,2019-03-04 16:00:00,jordan,B0,normal,s.hystrix,70,0.386,25.0,35.2,good,
mesocosm_monitoring,2019-03-04 16:00:00,jordan,B0,normal,s.hystrix,71,1.129,24.8,35.2,good,
mesocosm_monitoring,2019-03-04 16:00:00,jordan,B0,normal,s.hystrix,72,1.267,24.8,35.2,good,
mesocosm_monitoring,2019-03-04 16:00:00,jordan,B0,normal,s.hystrix,73,0.813,24.8,35.2,good,
mesocosm_monitoring,2019-03-04 16:00:00,jordan,B0,normal,s.hystrix,74,1.435,24.8,35.2,good,
mesocosm_monitoring,2019-03-04 16:00:00,jordan,B0,normal,s.hystrix,75,1.703,24.8,35.2,good,
mesocosm_monitoring,2019-03-04 16:00:00,jordan,B0,normal,s.hystrix,76,0.322,24.8,35.2,good,
mesocosm_monitoring,2019-03-04 16:00:00,jordan,B0,normal,s.hystrix,77,1.124,24.8,35.2,good,
mesocosm_monitoring,2019-03-04 16:00:00,jordan,B0,normal,s.hystrix,78,1.489,24.8,35.2,good,
mesocosm_monitoring,2019-03-04 16:00:00,jordan,B0,normal,s.hystrix,79,1.089,24.8,35.2,good,
mesocosm_monitoring,2019-03-04 16:00:00,jordan,B0,normal,s.hystrix,80,1.350,24.8,35.2,good,
mesocosm_monitoring,2019-03-04 16:00:00,jordan,B0,normal,s.hystrix,81,0.588,24.8,35.2,good,
mesocosm_monitoring,2019-03-04 16:00:00,jordan,B0,normal,s.hystrix,82,1.997,24.8,35.2,good,
mesocosm_monitoring,2019-03-04 16:00:00,jordan,B0,normal,s.hystrix,83,0.737,24.8,35.2,good,
mesocosm_monitoring,2019-03-04 16:00:00,jordan,B0,normal,s.hystrix,84,0.709,24.8,35.2,good,
mesocosm_monitoring,2019-03-08 10:00:00,jordan,B0,normal,s.hystrix,1,0.553,25.0,34.8,good,
mesocosm_monitoring,2019-03-08 10:00:00,jordan,B0,normal,s.hystrix,2,0.364,25.0,34.8,good,
mesocosm_monitoring,2019-03-08 10:00:00,jordan,B0,normal,s.hystrix,3,,25.0,34.8,dead,
mesocosm_monitoring,2019-03-08 10:00:00,jordan,B0,normal,s.hystrix,4,1.357,25.0,34.8,good,
mesocosm_monitoring,2019-03-08 10:00:00,jordan,B0,normal,s.hystrix,5,0.829,25.0,34.8,good,
mesocosm_monitoring,2019-03-08 10:00:00,jordan,B0,normal,s.hystrix,6,0.508,25.0,34.8,good,
mesocosm_monitoring,2019-03-08 10:00:00,jordan,B0,normal,s.hystrix,7,1.001,25.0,34.8,good,
mesocosm_monitoring,2019-03-08 10:00:00,jordan,B0,normal,s.hystrix,8,0.286,25.0,34.8,good,
mesocosm_monitoring,2019-03-08 10:00:00,jordan,B0,normal,s.hystrix,9,0.675,25.0,34.8,good,
mesocosm_monitoring,2019-03-08 10:00:00,jordan,B0,normal,s.hystrix,10,1.201,25.0,34.8,good,
mesocosm_monitoring,2019-03-08 10:00:00,jordan,B0,normal,s.hystrix,11,0.681,25.0,34.8,good,
mesocosm_monitoring,2019-03-08 10:00:00,jordan,B0,normal,s.hystrix,12,1.305,25.0,34.8,good,
mesocosm_monitoring,2019-03-08 10:00:00,jordan,B0,normal,s.hystrix,13,0.741,25.0,34.8,good,
mesocosm_monitoring,2019-03-08 10:00:00,jordan,B0,normal,s.hystrix,14,0.272,25.0,34.8,good,
mesocosm_monitoring,2019-03-08 10:00:00,jordan,B0,normal,s.hystrix,15,,25.0,34.8,dead,
mesocosm_monitoring,2019-03-08 10:00:00,jordan,B0,normal,s.hystrix,16,0.304,25.0,34.8,good,
mesocosm_monitoring,2019-03-08 10:00:00,jordan,B0,normal,s.hystrix,17,0.625,25.0,34.8,good,
mesocosm_monitoring,2019-03-08 10:00:00,jordan,B0,normal,s.hystrix,18,1.037,25.0,34.8,good,
mesocosm_monitoring,2019-03-08 10:00:00,jordan,B0,normal,s.hystrix,19,0.771,25.0,34.8,good,
mesocosm_monitoring,2019-03-08 10:00:00,jordan,B0,normal,s.hystrix,20,0.857,25.0,34.8,good,
mesocosm_monitoring,2019-03-08 10:00:00,jordan,B0,normal,s.hystrix,21,0.640,25.0,34.8,good,
mesocosm_monitoring,2019-03-08 10:00:00,jordan,B0,normal,s.hystrix,22,0.392,25.0,34.8,good,
mesocosm_monitoring,2019-03-08 10:00:00,jordan,B0,normal,s.hystrix,23,0.554,25.0,34.8,good,
mesocosm_monitoring,2019-03-08 10:00:00,jordan,B0,normal,s.hystrix,24,0.991,25.0,34.8,good,
mesocosm_monitoring,2019-03-08 10:00:00,jordan,B0,normal,s.hystrix,25,0.673,25.0,34.8,good,
mesocosm_monitoring,2019-03-08 10:00:00,jordan,B0,normal,s.hystrix,26,1.178,25.0,34.8,good,
mesocosm_monitoring,2019-03-08 10:00:00,jordan,B0,normal,s.hystrix,27,0.840,25.0,34.8,good,
mesocosm_monitoring,2019-03-08 10:00:00,jordan,B0,normal,s.hystrix,28,0.984,25.0,34.8,good,
mesocosm_monitoring,2019-03-08 10:00:00,jordan,B0,normal,s.hystrix,29,0.934,25.0,34.8,good,
mesocosm_monitoring,2019-03-08 10:00:00,jordan,B0,normal,s.hystrix,30,0.728,25.0,34.8,good,
mesocosm_monitoring,2019-03-08 10:00:00,jordan,B0,normal,s.hystrix,31,1.343,25.0,34.8,good,
mesocosm_monitoring,2019-03-08 10:00:00,jordan,B0,normal,s.hystrix,32,0.617,25.0,34.8,good,
mesocosm_monitoring,2019-03-08 10:00:00,jordan,B0,normal,s.hystrix,33,1.094,25.0,34.8,good,
mesocosm_monitoring,2019-03-08 10:00:00,jordan,B0,normal,s.hystrix,34,0.805,25.0,34.8,good,
mesocosm_monitoring,2019-03-08 10:00:00,jordan,B0,normal,s.hystrix,35,0.609,25.0,34.8,good,
mesocosm_monitoring,2019-03-08 10:00:00,jordan,B0,normal,s.hystrix,36,0.972,25.0,34.8,good,
mesocosm_monitoring,2019-03-08 10:00:00,jordan,B0,normal,s.hystrix,37,0.887,25.0,34.8,good,
mesocosm_monitoring,2019-03-08 10:00:00,jordan,B0,normal,s.hystrix,38,0.655,25.0,34.8,good,
mesocosm_monitoring,2019-03-08 10:00:00,jordan,B0,normal,s.hystrix,39,1.551,25.0,34.8,good,
mesocosm_monitoring,2019-03-08 10:00:00,jordan,B0,normal,s.hystrix,40,1.478,25.0,34.8,good,
mesocosm_monitoring,2019-03-08 10:00:00,jordan,B0,normal,s.hystrix,41,1.578,25.0,34.8,good,
mesocosm_monitoring,2019-03-08 10:00:00,jordan,B0,normal,s.hystrix,42,0.756,25.0,34.8,good,
mesocosm_monitoring,2019-03-08 10:00:00,jordan,B0,normal,s.hystrix,43,0.963,25.0,34.8,good,
mesocosm_monitoring,2019-03-08 10:00:00,jordan,B0,normal,s.hystrix,44,1.774,25.0,34.8,good,
mesocosm_monitoring,2019-03-08 10:00:00,jordan,B0,normal,s.hystrix,45,0.874,25.0,34.8,good,
mesocosm_monitoring,2019-03-08 10:00:00,jordan,B0,normal,s.hystrix,46,0.979,25.0,34.8,good,
mesocosm_monitoring,2019-03-08 10:00:00,jordan,B0,normal,s.hystrix,47,0.567,25.0,34.8,good,
mesocosm_monitoring,2019-03-08 10:00:00,jordan,B0,normal,s.hystrix,48,1.047,25.0,34.8,good,
mesocosm_monitoring,2019-03-08 10:00:00,jordan,B0,normal,s.hystrix,49,1.752,25.0,34.8,good,
mesocosm_monitoring,2019-03-08 10:00:00,jordan,B0,normal,s.hystrix,50,0.586,25.0,34.8,good,
mesocosm_monitoring,2019-03-08 10:00:00,jordan,B0,normal,s.hystrix,51,1.350,25.0,34.8,good,
mesocosm_monitoring,2019-03-08 10:00:00,jordan,B0,normal,s.hystrix,52,0.913,25.0,34.8,good,
mesocosm_monitoring,2019-03-08 10:00:00,jordan,B0,normal,s.hystrix,53,1.257,25.0,34.8,good,
mesocosm_monitoring,2019-03-08 10:00:00,jordan,B0,normal,s.hystrix,54,0.780,25.0,34.8,good,
mesocosm_monitoring,2019-03-08 10:00:00,jordan,B0,normal,s.hystrix,55,0.724,25.0,34.8,good,
mesocosm_monitoring,2019-03-08 10:00:00,jordan,B0,normal,s.hystrix,56,1.049,25.0,34.8,good,
mesocosm_monitoring,2019-03-08 10:00:00,jordan,B0,normal,s.hystrix,57,1.861,25.0,34.8,good,
mesocosm_monitoring,2019-03-08 10:00:00,jordan,B0,normal,s.hystrix,58,1.253,25.0,34.8,good,
mesocosm_monitoring,2019-03-08 10:00:00,jordan,B0,normal,s.hystrix,59,1.036,25.0,34.8,good,
mesocosm_monitoring,2019-03-08 10:00:00,jordan,B0,normal,s.hystrix,60,1.063,25.0,34.8,good,
mesocosm_monitoring,2019-03-08 10:00:00,jordan,B0,normal,s.hystrix,61,0.525,25.0,34.8,good,
mesocosm_monitoring,2019-03-08 10:00:00,jordan,B0,normal,s.hystrix,62,1.156,25.0,34.8,good,
mesocosm_monitoring,2019-03-08 10:00:00,jordan,B0,normal,s.hystrix,63,1.886,25.0,34.8,good,
mesocosm_monitoring,2019-03-08 10:00:00,jordan,B0,normal,s.hystrix,64,1.250,25.0,34.8,good,
mesocosm_monitoring,2019-03-08 10:00:00,jordan,B0,normal,s.hystrix,65,2.053,25.0,34.8,good,
mesocosm_monitoring,2019-03-08 10:00:00,jordan,B0,normal,s.hystrix,66,1.392,25.0,34.8,good,
mesocosm_monitoring,2019-03-08 10:00:00,jordan,B0,normal,s.hystrix,67,1.614,25.0,34.8,good,
mesocosm_monitoring,2019-03-08 10:00:00,jordan,B0,normal,s.hystrix,68,1.270,25.0,34.8,good,
mesocosm_monitoring,2019-03-08 10:00:00,jordan,B0,normal,s.hystrix,69,1.535,25.0,34.8,good,
mesocosm_monitoring,2019-03-08 10:00:00,jordan,B0,normal,s.hystrix,70,0.402,25.0,34.8,good,
mesocosm_monitoring,2019-03-08 10:00:00,jordan,B0,normal,s.hystrix,71,1.169,25.0,34.8,good,
mesocosm_monitoring,2019-03-08 10:00:00,jordan,B0,normal,s.hystrix,72,1.310,25.0,34.8,good,
mesocosm_monitoring,2019-03-08 10:00:00,jordan,B0,normal,s.hystrix,73,0.847,25.0,34.8,good,
mesocosm_monitoring,2019-03-08 10:00:00,jordan,B0,normal,s.hystrix,74,1.478,25.0,34.8,good,
mesocosm_monitoring,2019-03-08 10:00:00,jordan,B0,normal,s.hystrix,75,1.764,25.0,34.8,good,
mesocosm_monitoring,2019-03-08 10:00:00,jordan,B0,normal,s.hystrix,76,0.323,25.0,34.8,good,
mesocosm_monitoring,2019-03-08 10:00:00,jordan,B0,normal,s.hystrix,77,1.156,25.0,34.8,good,
mesocosm_monitoring,2019-03-08 10:00:00,jordan,B0,normal,s.hystrix,78,1.555,25.0,34.8,good,
mesocosm_monitoring,2019-03-08 10:00:00,jordan,B0,normal,s.hystrix,79,1.134,25.0,34.8,good,
mesocosm_monitoring,2019-03-08 10:00:00,jordan,B0,normal,s.hystrix,80,1.419,25.0,34.8,good,
mesocosm_monitoring,2019-03-08 10:00:00,jordan,B0,normal,s.hystrix,81,0.604,25.0,34.8,good,
mesocosm_monitoring,2019-03-08 10:00:00,jordan,B0,normal,s.hystrix,82,2.042,25.0,34.8,good,
mesocosm_monitoring,2019-03-08 10:00:00,jordan,B0,normal,s.hystrix,83,0.776,25.0,34.8,good,
mesocosm_monitoring,2019-03-08 10:00:00,jordan,B0,normal,s.hystrix,84,0.738,25.0,34.8,good,
mesocosm_monitoring,2019-03-11 13:00:00,jordan,B0,normal,s.hystrix,1,0.575,25.0,35.0,good,
mesocosm_monitoring,2019-03-11 13:00:00,jordan,B0,normal,s.hystrix,2,0.378,25.0,35.0,good,
mesocosm_monitoring,2019-03-11 13:00:00,jordan,B0,normal,s.hystrix,3,,25.0,35.0,dead,
mesocosm_monitoring,2019-03-11 13:00:00,jordan,B0,normal,s.hystrix,4,1.397,25.0,35.0,good,
mesocosm_monitoring,2019-03-11 13:00:00,jordan,B0,normal,s.hystrix,5,0.854,25.0,35.0,good,
mesocosm_monitoring,2019-03-11 13:00:00,jordan,B0,normal,s.hystrix,6,0.527,25.0,35.0,good,
mesocosm_monitoring,2019-03-11 13:00:00,jordan,B0,normal,s.hystrix,7,1.028,25.0,35.0,good,
mesocosm_monitoring,2019-03-11 13:00:00,jordan,B0,normal,s.hystrix,8,0.297,25.0,35.0,good,
mesocosm_monitoring,2019-03-11 13:00:00,jordan,B0,normal,s.hystrix,9,0.699,25.0,35.0,good,
mesocosm_monitoring,2019-03-11 13:00:00,jordan,B0,normal,s.hystrix,10,1.227,25.0,35.0,good,
mesocosm_monitoring,2019-03-11 13:00:00,jordan,B0,normal,s.hystrix,11,0.704,25.0,35.0,good,
mesocosm_monitoring,2019-03-11 13:00:00,jordan,B0,normal,s.hystrix,12,1.337,25.0,35.0,good,
mesocosm_monitoring,2019-03-11 13:00:00,jordan,B0,normal,s.hystrix,13,0.762,25.0,35.0,good,
mesocosm_monitoring,2019-03-11 13:00:00,jordan,B0,normal,s.hystrix,14,0.277,25.0,35.0,good,
mesocosm_monitoring,2019-03-11 13:00:00,jordan,B0,normal,s.hystrix,15,,25.0,35.0,dead,
mesocosm_monitoring,2019-03-11 13:00:00,jordan,B0,normal,s.hystrix,16,0.309,25.0,35.0,good,
mesocosm_monitoring,2019-03-11 13:00:00,jordan,B0,normal,s.hystrix,17,0.647,25.0,35.0,good,
mesocosm_monitoring,2019-03-11 13:00:00,jordan,B0,normal,s.hystrix,18,1.063,25.0,35.0,good,
mesocosm_monitoring,2019-03-11 13:00:00,jordan,B0,normal,s.hystrix,19,0.791,25.0,35.0,good,
mesocosm_monitoring,2019-03-11 13:00:00,jordan,B0,normal,s.hystrix,20,0.881,25.0,35.0,good,
mesocosm_monitoring,2019-03-11 13:00:00,jordan,B0,normal,s.hystrix,21,0.661,25.0,35.0,good,
mesocosm_monitoring,2019-03-11 13:00:00,jordan,B0,normal,s.hystrix,22,0.406,25.0,35.0,good,
mesocosm_monitoring,2019-03-11 13:00:00,jordan,B0,normal,s.hystrix,23,0.568,25.0,35.0,good,
mesocosm_monitoring,2019-03-11 13:00:00,jordan,B0,normal,s.hystrix,24,1.006,25.0,35.0,good,
mesocosm_monitoring,2019-03-11 13:00:00,jordan,B0,normal,s.hystrix,25,0.692,25.0,35.0,good,
mesocosm_monitoring,2019-03-11 13:00:00,jordan,B0,normal,s.hystrix,26,1.213,25.0,35.0,good,
mesocosm_monitoring,2019-03-11 13:00:00,jordan,B0,normal,s.hystrix,27,0.865,25.0,35.0,good,
mesocosm_monitoring,2019-03-11 13:00:00,jordan,B0,normal,s.hystrix,28,1.033,25.0,35.0,good,
mesocosm_monitoring,2019-03-11 13:00:00,jordan,B0,normal,s.hystrix,29,0.987,25.0,35.0,good,
mesocosm_monitoring,2019-03-11 13:00:00,jordan,B0,normal,s.hystrix,30,0.765,25.0,35.0,good,
mesocosm_monitoring,2019-03-11 13:00:00,jordan,B0,normal,s.hystrix,31,1.389,25.0,35.0,good,
mesocosm_monitoring,2019-03-11 13:00:00,jordan,B0,normal,s.hystrix,32,0.638,25.0,35.0,good,
mesocosm_monitoring,2019-03-11 13:00:00,jordan,B0,normal,s.hystrix,33,1.141,25.0,35.0,good,
mesocosm_monitoring,2019-03-11 13:00:00,jordan,B0,normal,s.hystrix,34,0.822,25.0,35.0,good,
mesocosm_monitoring,2019-03-11 13:00:00,jordan,B0,normal,s.hystrix,35,0.611,25.0,35.0,good,
mesocosm_monitoring,2019-03-11 13:00:00,jordan,B0,normal,s.hystrix,36,0.984,25.0,35.0,good,
mesocosm_monitoring,2019-03-11 13:00:00,jordan,B0,normal,s.hystrix,37,0.896,25.0,35.0,good,
mesocosm_monitoring,2019-03-11 13:00:00,jordan,B0,normal,s.hystrix,38,0.656,25.0,35.0,good,
mesocosm_monitoring,2019-03-11 13:00:00,jordan,B0,normal,s.hystrix,39,1.582,25.0,35.0,good,
mesocosm_monitoring,2019-03-11 13:00:00,jordan,B0,normal,s.hystrix,40,1.499,25.0,35.0,good,
mesocosm_monitoring,2019-03-11 13:00:00,jordan,B0,normal,s.hystrix,41,1.592,25.0,35.0,good,
mesocosm_monitoring,2019-03-11 13:00:00,jordan,B0,normal,s.hystrix,42,0.762,25.0,35.0,good,
mesocosm_monitoring,2019-03-11 13:00:00,jordan,B0,normal,s.hystrix,43,0.976,25.0,35.0,good,
mesocosm_monitoring,2019-03-11 13:00:00,jordan,B0,normal,s.hystrix,44,1.795,25.0,35.0,good,
mesocosm_monitoring,2019-03-11 13:00:00,jordan,B0,normal,s.hystrix,45,0.880,25.0,35.0,good,
mesocosm_monitoring,2019-03-11 13:00:00,jordan,B0,normal,s.hystrix,46,1.006,25.0,35.0,good,
mesocosm_monitoring,2019-03-11 13:00:00,jordan,B0,normal,s.hystrix,47,0.576,25.0,35.0,good,
mesocosm_monitoring,2019-03-11 13:00:00,jordan,B0,normal,s.hystrix,48,1.077,25.0,35.0,good,
mesocosm_monitoring,2019-03-11 13:00:00,jordan,B0,normal,s.hystrix,49,1.779,25.0,35.0,good,
mesocosm_monitoring,2019-03-11 13:00:00,jordan,B0,normal,s.hystrix,50,0.611,25.0,35.0,good,
mesocosm_monitoring,2019-03-11 13:00:00,jordan,B0,normal,s.hystrix,51,1.392,25.0,35.0,good,
mesocosm_monitoring,2019-03-11 13:00:00,jordan,B0,normal,s.hystrix,52,0.939,25.0,35.0,good,
mesocosm_monitoring,2019-03-11 13:00:00,jordan,B0,normal,s.hystrix,53,1.292,25.0,35.0,good,
mesocosm_monitoring,2019-03-11 13:00:00,jordan,B0,normal,s.hystrix,54,0.813,25.0,35.0,good,
mesocosm_monitoring,2019-03-11 13:00:00,jordan,B0,normal,s.hystrix,55,0.742,25.0,35.0,good,
mesocosm_monitoring,2019-03-11 13:00:00,jordan,B0,normal,s.hystrix,56,1.060,25.0,35.0,good,
mesocosm_monitoring,2019-03-11 13:00:00,jordan,B0,normal,s.hystrix,57,1.928,25.0,35.0,good,
mesocosm_monitoring,2019-03-11 13:00:00,jordan,B0,normal,s.hystrix,58,1.299,25.0,35.0,good,
mesocosm_monitoring,2019-03-11 13:00:00,jordan,B0,normal,s.hystrix,59,1.067,25.0,35.0,good,
mesocosm_monitoring,2019-03-11 13:00:00,jordan,B0,normal,s.hystrix,60,1.101,25.0,35.0,good,
mesocosm_monitoring,2019-03-11 13:00:00,jordan,B0,normal,s.hystrix,61,0.540,25.0,35.0,good,
mesocosm_monitoring,2019-03-11 13:00:00,jordan,B0,normal,s.hystrix,62,1.192,25.0,35.0,good,
mesocosm_monitoring,2019-03-11 13:00:00,jordan,B0,normal,s.hystrix,63,1.959,25.0,35.0,good,
mesocosm_monitoring,2019-03-11 13:00:00,jordan,B0,normal,s.hystrix,64,1.282,25.0,35.0,good,
mesocosm_monitoring,2019-03-11 13:00:00,jordan,B0,normal,s.hystrix,65,2.098,25.0,35.0,good,
mesocosm_monitoring,2019-03-11 13:00:00,jordan,B0,normal,s.hystrix,66,1.441,25.0,35.0,good,
mesocosm_monitoring,2019-03-11 13:00:00,jordan,B0,normal,s.hystrix,67,1.673,25.0,35.0,good,
mesocosm_monitoring,2019-03-11 13:00:00,jordan,B0,normal,s.hystrix,68,1.292,25.0,35.0,good,
mesocosm_monitoring,2019-03-11 13:00:00,jordan,B0,normal,s.hystrix,69,1.573,25.0,35.0,good,
mesocosm_monitoring,2019-03-11 13:00:00,jordan,B0,normal,s.hystrix,70,0.412,25.0,35.0,good,
mesocosm_monitoring,2019-03-11 13:00:00,jordan,B0,normal,s.hystrix,71,1.199,25.0,35.0,good,
mesocosm_monitoring,2019-03-11 13:00:00,jordan,B0,normal,s.hystrix,72,1.351,25.0,35.0,good,
mesocosm_monitoring,2019-03-11 13:00:00,jordan,B0,normal,s.hystrix,73,0.876,25.0,35.0,good,
mesocosm_monitoring,2019-03-11 13:00:00,jordan,B0,normal,s.hystrix,74,1.515,25.0,35.0,good,
mesocosm_monitoring,2019-03-11 13:00:00,jordan,B0,normal,s.hystrix,75,1.814,25.0,35.0,good,
mesocosm_monitoring,2019-03-11 13:00:00,jordan,B0,normal,s.hystrix,76,0.330,25.0,35.0,good,
mesocosm_monitoring,2019-03-11 13:00:00,jordan,B0,normal,s.hystrix,77,1.186,25.0,35.0,good,
mesocosm_monitoring,2019-03-11 13:00:00,jordan,B0,normal,s.hystrix,78,1.615,25.0,35.0,good,
mesocosm_monitoring,2019-03-11 13:00:00,jordan,B0,normal,s.hystrix,79,1.178,25.0,35.0,good,
mesocosm_monitoring,2019-03-11 13:00:00,jordan,B0,normal,s.hystrix,80,1.472,25.0,35.0,good,
mesocosm_monitoring,2019-03-11 13:00:00,jordan,B0,normal,s.hystrix,81,0.624,25.0,35.0,good,
mesocosm_monitoring,2019-03-11 13:00:00,jordan,B0,normal,s.hystrix,82,2.101,25.0,35.0,good,
mesocosm_monitoring,2019-03-11 13:00:00,jordan,B0,normal,s.hystrix,83,0.805,25.0,35.0,good,
mesocosm_monitoring,2019-03-11 13:00:00,jordan,B0,normal,s.hystrix,84,0.766,25.0,35.0,good,
mesocosm_monitoring,2019-03-13 15:00:00,jordan,B0,normal,s.hystrix,1,0.590,25.1,35.1,good,
mesocosm_monitoring,2019-03-13 15:00:00,jordan,B0,normal,s.hystrix,2,0.384,25.1,35.1,good,
mesocosm_monitoring,2019-03-13 15:00:00,jordan,B0,normal,s.hystrix,3,,25.1,35.1,dead,
mesocosm_monitoring,2019-03-13 15:00:00,jordan,B0,normal,s.hystrix,4,1.420,25.1,35.1,good,
mesocosm_monitoring,2019-03-13 15:00:00,jordan,B0,normal,s.hystrix,5,0.870,25.1,35.1,good,
mesocosm_monitoring,2019-03-13 15:00:00,jordan,B0,normal,s.hystrix,6,0.537,25.1,35.1,good,
mesocosm_monitoring,2019-03-13 15:00:00,jordan,B0,normal,s.hystrix,7,1.050,25.1,35.1,good,
mesocosm_monitoring,2019-03-13 15:00:00,jordan,B0,normal,s.hystrix,8,0.303,25.1,35.1,good,
mesocosm_monitoring,2019-03-13 15:00:00,jordan,B0,normal,s.hystrix,9,0.709,25.1,35.1,good,
mesocosm_monitoring,2019-03-13 15:00:00,jordan,B0,normal,s.hystrix,10,1.252,25.1,35.1,good,
mesocosm_monitoring,2019-03-13 15:00:00,jordan,B0,normal,s.hystrix,11,0.720,25.1,35.1,good,
mesocosm_monitoring,2019-03-13 15:00:00,jordan,B0,normal,s.hystrix,12,1.357,25.1,35.1,good,
mesocosm_monitoring,2019-03-13 15:00:00,jordan,B0,normal,s.hystrix,13,0.773,25.1,35.1,good,
mesocosm_monitoring,2019-03-13 15:00:00,jordan,B0,normal,s.hystrix,14,0.281,25.1,35.1,good,
mesocosm_monitoring,2019-03-13 15:00:00,jordan,B0,normal,s.hystrix,15,,25.1,35.1,dead,
mesocosm_monitoring,2019-03-13 15:00:00,jordan,B0,normal,s.hystrix,16,0.310,25.1,35.1,good,
mesocosm_monitoring,2019-03-13 15:00:00,jordan,B0,normal,s.hystrix,17,0.663,25.1,35.1,good,
mesocosm_monitoring,2019-03-13 15:00:00,jordan,B0,normal,s.hystrix,18,1.088,25.1,35.1,good,
mesocosm_monitoring,2019-03-13 15:00:00,jordan,B0,normal,s.hystrix,19,0.803,25.1,35.1,good,
mesocosm_monitoring,2019-03-13 15:00:00,jordan,B0,normal,s.hystrix,20,0.890,25.1,35.1,good,
mesocosm_monitoring,2019-03-13 15:00:00,jordan,B0,normal,s.hystrix,21,0.676,25.1,35.1,good,
mesocosm_monitoring,2019-03-13 15:00:00,jordan,B0,normal,s.hystrix,22,0.414,25.1,35.1,good,
mesocosm_monitoring,2019-03-13 15:00:00,jordan,B0,normal,s.hystrix,23,0.577,25.1,35.1,good,
mesocosm_monitoring,2019-03-13 15:00:00,jordan,B0,normal,s.hystrix,24,1.014,25.1,35.1,good,
mesocosm_monitoring,2019-03-13 15:00:00,jordan,B0,normal,s.hystrix,25,0.705,25.1,35.1,good,
mesocosm_monitoring,2019-03-13 15:00:00,jordan,B0,normal,s.hystrix,26,1.236,25.1,35.1,good,
mesocosm_monitoring,2019-03-13 15:00:00,jordan,B0,normal,s.hystrix,27,0.880,25.1,35.1,good,
mesocosm_monitoring,2019-03-13 15:00:00,jordan,B0,normal,s.hystrix,28,1.026,25.1,35.1,good,
mesocosm_monitoring,2019-03-13 15:00:00,jordan,B0,normal,s.hystrix,29,0.984,25.1,35.1,good,
mesocosm_monitoring,2019-03-13 15:00:00,jordan,B0,normal,s.hystrix,30,0.752,25.1,35.1,good,
mesocosm_monitoring,2019-03-13 15:00:00,jordan,B0,normal,s.hystrix,31,1.417,25.1,35.1,good,
mesocosm_monitoring,2019-03-13 15:00:00,jordan,B0,normal,s.hystrix,32,0.652,25.1,35.1,good,
mesocosm_monitoring,2019-03-13 15:00:00,jordan,B0,normal,s.hystrix,33,1.168,25.1,35.1,good,
mesocosm_monitoring,2019-03-13 15:00:00,jordan,B0,normal,s.hystrix,34,0.855,25.1,35.1,good,
mesocosm_monitoring,2019-03-13 15:00:00,jordan,B0,normal,s.hystrix,35,0.635,25.1,35.1,good,
mesocosm_monitoring,2019-03-13 15:00:00,jordan,B0,normal,s.hystrix,36,1.013,25.1,35.1,good,
mesocosm_monitoring,2019-03-13 15:00:00,jordan,B0,normal,s.hystrix,37,0.923,25.1,35.1,good,
mesocosm_monitoring,2019-03-13 15:00:00,jordan,B0,normal,s.hystrix,38,0.680,25.1,35.1,good,
mesocosm_monitoring,2019-03-13 15:00:00,jordan,B0,normal,s.hystrix,39,1.628,25.1,35.1,good,
mesocosm_monitoring,2019-03-13 15:00:00,jordan,B0,normal,s.hystrix,40,1.541,25.1,35.1,good,
mesocosm_monitoring,2019-03-13 15:00:00,jordan,B0,normal,s.hystrix,41,1.633,25.1,35.1,good,
mesocosm_monitoring,2019-03-13 15:00:00,jordan,B0,normal,s.hystrix,42,0.792,25.1,35.1,good,
mesocosm_monitoring,2019-03-13 15:00:00,jordan,B0,normal,s.hystrix,43,1.013,25.1,35.1,good,
mesocosm_monitoring,2019-03-13 15:00:00,jordan,B0,normal,s.hystrix,44,1.840,25.1,35.1,good,
mesocosm_monitoring,2019-03-13 15:00:00,jordan,B0,normal,s.hystrix,45,0.915,25.1,35.1,good,
mesocosm_monitoring,2019-03-13 15:00:00,jordan,B0,normal,s.hystrix,46,1.027,25.1,35.1,good,
mesocosm_monitoring,2019-03-13 15:00:00,jordan,B0,normal,s.hystrix,47,0.586,25.1,35.1,good,
mesocosm_monitoring,2019-03-13 15:00:00,jordan,B0,normal,s.hystrix,48,1.097,25.1,35.1,good,
mesocosm_monitoring,2019-03-13 15:00:00,jordan,B0,normal,s.hystrix,49,1.813,25.1,35.1,good,
mesocosm_monitoring,2019-03-13 15:00:00,jordan,B0,normal,s.hystrix,50,0.645,25.1,35.1,good,
mesocosm_monitoring,2019-03-13 15:00:00,jordan,B0,normal,s.hystrix,51,1.422,25.1,35.1,good,
mesocosm_monitoring,2019-03-13 15:00:00,jordan,B0,normal,s.hystrix,52,0.957,25.1,35.1,good,
mesocosm_monitoring,2019-03-13 15:00:00,jordan,B0,normal,s.hystrix,53,1.316,25.1,35.1,good,
mesocosm_monitoring,2019-03-13 15:00:00,jordan,B0,normal,s.hystrix,54,0.824,25.1,35.1,good,
mesocosm_monitoring,2019-03-13 15:00:00,jordan,B0,normal,s.hystrix,55,0.752,25.1,35.1,good,
mesocosm_monitoring,2019-03-13 15:00:00,jordan,B0,normal,s.hystrix,56,1.070,25.1,35.1,good,
mesocosm_monitoring,2019-03-13 15:00:00,jordan,B0,normal,s.hystrix,57,1.977,25.1,35.1,good,
mesocosm_monitoring,2019-03-13 15:00:00,jordan,B0,normal,s.hystrix,58,1.329,25.1,35.1,good,
mesocosm_monitoring,2019-03-13 15:00:00,jordan,B0,normal,s.hystrix,59,1.092,25.1,35.1,good,
mesocosm_monitoring,2019-03-13 15:00:00,jordan,B0,normal,s.hystrix,60,1.120,25.1,35.1,good,
mesocosm_monitoring,2019-03-13 15:00:00,jordan,B0,normal,s.hystrix,61,0.548,25.1,35.1,good,
mesocosm_monitoring,2019-03-13 15:00:00,jordan,B0,normal,s.hystrix,62,1.219,25.1,35.1,good,
mesocosm_monitoring,2019-03-13 15:00:00,jordan,B0,normal,s.hystrix,63,2.009,25.1,35.1,good,
mesocosm_monitoring,2019-03-13 15:00:00,jordan,B0,normal,s.hystrix,64,1.302,25.1,35.1,good,
mesocosm_monitoring,2019-03-13 15:00:00,jordan,B0,normal,s.hystrix,65,2.136,25.1,35.1,good,
mesocosm_monitoring,2019-03-13 15:00:00,jordan,B0,normal,s.hystrix,66,1.470,25.1,35.1,good,
mesocosm_monitoring,2019-03-13 15:00:00,jordan,B0,normal,s.hystrix,67,1.715,25.1,35.1,good,
mesocosm_monitoring,2019-03-13 15:00:00,jordan,B0,normal,s.hystrix,68,,25.1,35.1,good,mal mesurer
mesocosm_monitoring,2019-03-13 15:00:00,jordan,B0,normal,s.hystrix,69,1.603,25.1,35.1,good,
mesocosm_monitoring,2019-03-13 15:00:00,jordan,B0,normal,s.hystrix,70,0.419,25.1,35.1,good,
mesocosm_monitoring,2019-03-13 15:00:00,jordan,B0,normal,s.hystrix,71,1.221,25.1,35.1,good,
mesocosm_monitoring,2019-03-13 15:00:00,jordan,B0,normal,s.hystrix,72,1.377,25.1,35.1,good,
mesocosm_monitoring,2019-03-13 15:00:00,jordan,B0,normal,s.hystrix,73,0.894,25.1,35.1,good,
mesocosm_monitoring,2019-03-13 15:00:00,jordan,B0,normal,s.hystrix,74,1.546,25.1,35.1,good,
mesocosm_monitoring,2019-03-13 15:00:00,jordan,B0,normal,s.hystrix,75,1.847,25.1,35.1,good,
mesocosm_monitoring,2019-03-13 15:00:00,jordan,B0,normal,s.hystrix,76,0.333,25.1,35.1,good,
mesocosm_monitoring,2019-03-13 15:00:00,jordan,B0,normal,s.hystrix,77,1.202,25.1,35.1,good,
mesocosm_monitoring,2019-03-13 15:00:00,jordan,B0,normal,s.hystrix,78,1.653,25.1,35.1,good,
mesocosm_monitoring,2019-03-13 15:00:00,jordan,B0,normal,s.hystrix,79,1.204,25.1,35.1,good,
mesocosm_monitoring,2019-03-13 15:00:00,jordan,B0,normal,s.hystrix,80,1.508,25.1,35.1,good,
mesocosm_monitoring,2019-03-13 15:00:00,jordan,B0,normal,s.hystrix,81,0.636,25.1,35.1,good,
mesocosm_monitoring,2019-03-13 15:00:00,jordan,B0,normal,s.hystrix,82,2.147,25.1,35.1,good,
mesocosm_monitoring,2019-03-13 15:00:00,jordan,B0,normal,s.hystrix,83,0.823,25.1,35.1,good,
mesocosm_monitoring,2019-03-13 15:00:00,jordan,B0,normal,s.hystrix,84,0.786,25.1,35.1,good,
mesocosm_monitoring,2019-03-15 15:10:00,jordan,B0,normal,s.hystrix,1,0.602,25.3,34.8,good,
mesocosm_monitoring,2019-03-15 15:10:00,jordan,B0,normal,s.hystrix,2,0.391,25.3,34.8,good,
mesocosm_monitoring,2019-03-15 15:10:00,jordan,B0,normal,s.hystrix,3,,25.3,34.8,dead,
mesocosm_monitoring,2019-03-15 15:10:00,jordan,B0,normal,s.hystrix,4,1.439,25.3,34.8,good,
mesocosm_monitoring,2019-03-15 15:10:00,jordan,B0,normal,s.hystrix,5,0.887,25.3,34.8,good,
mesocosm_monitoring,2019-03-15 15:10:00,jordan,B0,normal,s.hystrix,6,0.552,25.3,34.8,good,
mesocosm_monitoring,2019-03-15 15:10:00,jordan,B0,normal,s.hystrix,7,1.063,25.3,34.8,good,
mesocosm_monitoring,2019-03-15 15:10:00,jordan,B0,normal,s.hystrix,8,0.307,25.3,34.8,good,
mesocosm_monitoring,2019-03-15 15:10:00,jordan,B0,normal,s.hystrix,9,0.717,25.3,34.8,good,
mesocosm_monitoring,2019-03-15 15:10:00,jordan,B0,normal,s.hystrix,10,1.276,25.3,34.8,good,
mesocosm_monitoring,2019-03-15 15:10:00,jordan,B0,normal,s.hystrix,11,0.736,25.3,34.8,good,
mesocosm_monitoring,2019-03-15 15:10:00,jordan,B0,normal,s.hystrix,12,1.379,25.3,34.8,good,
mesocosm_monitoring,2019-03-15 15:10:00,jordan,B0,normal,s.hystrix,13,0.787,25.3,34.8,good,
mesocosm_monitoring,2019-03-15 15:10:00,jordan,B0,normal,s.hystrix,14,0.285,25.3,34.8,good,
mesocosm_monitoring,2019-03-15 15:10:00,jordan,B0,normal,s.hystrix,15,,25.3,34.8,dead,
mesocosm_monitoring,2019-03-15 15:10:00,jordan,B0,normal,s.hystrix,16,0.313,25.3,34.8,good,
mesocosm_monitoring,2019-03-15 15:10:00,jordan,B0,normal,s.hystrix,17,0.680,25.3,34.8,good,
mesocosm_monitoring,2019-03-15 15:10:00,jordan,B0,normal,s.hystrix,18,1.107,25.3,34.8,good,
mesocosm_monitoring,2019-03-15 15:10:00,jordan,B0,normal,s.hystrix,19,0.818,25.3,34.8,good,
mesocosm_monitoring,2019-03-15 15:10:00,jordan,B0,normal,s.hystrix,20,0.897,25.3,34.8,good,
mesocosm_monitoring,2019-03-15 15:10:00,jordan,B0,normal,s.hystrix,21,0.689,25.3,34.8,good,
mesocosm_monitoring,2019-03-15 15:10:00,jordan,B0,normal,s.hystrix,22,0.425,25.3,34.8,good,
mesocosm_monitoring,2019-03-15 15:10:00,jordan,B0,normal,s.hystrix,23,0.585,25.3,34.8,good,
mesocosm_monitoring,2019-03-15 15:10:00,jordan,B0,normal,s.hystrix,24,1.019,25.3,34.8,good,
mesocosm_monitoring,2019-03-15 15:10:00,jordan,B0,normal,s.hystrix,25,0.716,25.3,34.8,good,
mesocosm_monitoring,2019-03-15 15:10:00,jordan,B0,normal,s.hystrix,26,1.261,25.3,34.8,good,
mesocosm_monitoring,2019-03-15 15:10:00,jordan,B0,normal,s.hystrix,27,0.895,25.3,34.8,good,
mesocosm_monitoring,2019-03-15 15:10:00,jordan,B0,normal,s.hystrix,28,1.043,25.3,34.8,good,
mesocosm_monitoring,2019-03-15 15:10:00,jordan,B0,normal,s.hystrix,29,1.004,25.3,34.8,good,
mesocosm_monitoring,2019-03-15 15:10:00,jordan,B0,normal,s.hystrix,30,0.763,25.3,34.8,good,
mesocosm_monitoring,2019-03-15 15:10:00,jordan,B0,normal,s.hystrix,31,1.443,25.3,34.8,good,
mesocosm_monitoring,2019-03-15 15:10:00,jordan,B0,normal,s.hystrix,32,0.666,25.3,34.8,good,
mesocosm_monitoring,2019-03-15 15:10:00,jordan,B0,normal,s.hystrix,33,1.194,25.3,34.8,good,
mesocosm_monitoring,2019-03-15 15:10:00,jordan,B0,normal,s.hystrix,34,0.876,25.3,34.8,good,
mesocosm_monitoring,2019-03-15 15:10:00,jordan,B0,normal,s.hystrix,35,0.643,25.3,34.8,good,
mesocosm_monitoring,2019-03-15 15:10:00,jordan,B0,normal,s.hystrix,36,1.027,25.3,34.8,good,
mesocosm_monitoring,2019-03-15 15:10:00,jordan,B0,normal,s.hystrix,37,0.937,25.3,34.8,good,
mesocosm_monitoring,2019-03-15 15:10:00,jordan,B0,normal,s.hystrix,38,0.691,25.3,34.8,good,
mesocosm_monitoring,2019-03-15 15:10:00,jordan,B0,normal,s.hystrix,39,1.662,25.3,34.8,good,
mesocosm_monitoring,2019-03-15 15:10:00,jordan,B0,normal,s.hystrix,40,1.565,25.3,34.8,good,
mesocosm_monitoring,2019-03-15 15:10:00,jordan,B0,normal,s.hystrix,41,1.661,25.3,34.8,good,
mesocosm_monitoring,2019-03-15 15:10:00,jordan,B0,normal,s.hystrix,42,0.807,25.3,34.8,good,
mesocosm_monitoring,2019-03-15 15:10:00,jordan,B0,normal,s.hystrix,43,1.034,25.3,34.8,good,
mesocosm_monitoring,2019-03-15 15:10:00,jordan,B0,normal,s.hystrix,44,1.863,25.3,34.8,good,
mesocosm_monitoring,2019-03-15 15:10:00,jordan,B0,normal,s.hystrix,45,0.932,25.3,34.8,good,
mesocosm_monitoring,2019-03-15 15:10:00,jordan,B0,normal,s.hystrix,46,1.049,25.3,34.8,good,
mesocosm_monitoring,2019-03-15 15:10:00,jordan,B0,normal,s.hystrix,47,0.596,25.3,34.8,good,
mesocosm_monitoring,2019-03-15 15:10:00,jordan,B0,normal,s.hystrix,48,1.118,25.3,34.8,good,
mesocosm_monitoring,2019-03-15 15:10:00,jordan,B0,normal,s.hystrix,49,1.846,25.3,34.8,good,
mesocosm_monitoring,2019-03-15 15:10:00,jordan,B0,normal,s.hystrix,50,0.643,25.3,34.8,good,
mesocosm_monitoring,2019-03-15 15:10:00,jordan,B0,normal,s.hystrix,51,1.451,25.3,34.8,good,
mesocosm_monitoring,2019-03-15 15:10:00,jordan,B0,normal,s.hystrix,52,0.977,25.3,34.8,good,
mesocosm_monitoring,2019-03-15 15:10:00,jordan,B0,normal,s.hystrix,53,1.345,25.3,34.8,good,
mesocosm_monitoring,2019-03-15 15:10:00,jordan,B0,normal,s.hystrix,54,0.835,25.3,34.8,good,
mesocosm_monitoring,2019-03-15 15:10:00,jordan,B0,normal,s.hystrix,55,0.759,25.3,34.8,good,
mesocosm_monitoring,2019-03-15 15:10:00,jordan,B0,normal,s.hystrix,56,1.103,25.3,34.8,good,
mesocosm_monitoring,2019-03-15 15:10:00,jordan,B0,normal,s.hystrix,57,2.013,25.3,34.8,good,
mesocosm_monitoring,2019-03-15 15:10:00,jordan,B0,normal,s.hystrix,58,1.355,25.3,34.8,good,
mesocosm_monitoring,2019-03-15 15:10:00,jordan,B0,normal,s.hystrix,59,1.119,25.3,34.8,good,
mesocosm_monitoring,2019-03-15 15:10:00,jordan,B0,normal,s.hystrix,60,1.142,25.3,34.8,good,
mesocosm_monitoring,2019-03-15 15:10:00,jordan,B0,normal,s.hystrix,61,0.557,25.3,34.8,good,
mesocosm_monitoring,2019-03-15 15:10:00,jordan,B0,normal,s.hystrix,62,1.246,25.3,34.8,good,
mesocosm_monitoring,2019-03-15 15:10:00,jordan,B0,normal,s.hystrix,63,2.058,25.3,34.8,good,
mesocosm_monitoring,2019-03-15 15:10:00,jordan,B0,normal,s.hystrix,64,1.324,25.3,34.8,good,
mesocosm_monitoring,2019-03-15 15:10:00,jordan,B0,normal,s.hystrix,65,2.169,25.3,34.8,good,
mesocosm_monitoring,2019-03-15 15:10:00,jordan,B0,normal,s.hystrix,66,1.503,25.3,34.8,good,
mesocosm_monitoring,2019-03-15 15:10:00,jordan,B0,normal,s.hystrix,67,1.756,25.3,34.8,good,
mesocosm_monitoring,2019-03-15 15:10:00,jordan,B0,normal,s.hystrix,68,1.325,25.3,34.8,good,
mesocosm_monitoring,2019-03-15 15:10:00,jordan,B0,normal,s.hystrix,69,1.633,25.3,34.8,good,
mesocosm_monitoring,2019-03-15 15:10:00,jordan,B0,normal,s.hystrix,70,0.426,25.3,34.8,good,
mesocosm_monitoring,2019-03-15 15:10:00,jordan,B0,normal,s.hystrix,71,1.242,25.3,34.8,good,
mesocosm_monitoring,2019-03-15 15:10:00,jordan,B0,normal,s.hystrix,72,1.402,25.3,34.8,good,
mesocosm_monitoring,2019-03-15 15:10:00,jordan,B0,normal,s.hystrix,73,0.918,25.3,34.8,good,
mesocosm_monitoring,2019-03-15 15:10:00,jordan,B0,normal,s.hystrix,74,1.575,25.3,34.8,good,
mesocosm_monitoring,2019-03-15 15:10:00,jordan,B0,normal,s.hystrix,75,1.906,25.3,34.8,good,
mesocosm_monitoring,2019-03-15 15:10:00,jordan,B0,normal,s.hystrix,76,0.335,25.3,34.8,good,
mesocosm_monitoring,2019-03-15 15:10:00,jordan,B0,normal,s.hystrix,77,1.219,25.3,34.8,good,
mesocosm_monitoring,2019-03-15 15:10:00,jordan,B0,normal,s.hystrix,78,1.693,25.3,34.8,good,
mesocosm_monitoring,2019-03-15 15:10:00,jordan,B0,normal,s.hystrix,79,1.228,25.3,34.8,good,
mesocosm_monitoring,2019-03-15 15:10:00,jordan,B0,normal,s.hystrix,80,1.533,25.3,34.8,good,
mesocosm_monitoring,2019-03-15 15:10:00,jordan,B0,normal,s.hystrix,81,0.646,25.3,34.8,good,
mesocosm_monitoring,2019-03-15 15:10:00,jordan,B0,normal,s.hystrix,82,2.192,25.3,34.8,good,
mesocosm_monitoring,2019-03-15 15:10:00,jordan,B0,normal,s.hystrix,83,0.847,25.3,34.8,good,
mesocosm_monitoring,2019-03-15 15:10:00,jordan,B0,normal,s.hystrix,84,0.805,25.3,34.8,good,
mesocosm_monitoring,2019-03-18 15:49:00,jordan,B0,normal,s.hystrix,1,0.619,25.1,35.0,good,
mesocosm_monitoring,2019-03-18 15:49:00,jordan,B0,normal,s.hystrix,2,0.401,25.1,35.0,good,
mesocosm_monitoring,2019-03-18 15:49:00,jordan,B0,normal,s.hystrix,3,,25.1,35.0,dead,
mesocosm_monitoring,2019-03-18 15:49:00,jordan,B0,normal,s.hystrix,4,1.463,25.1,35.0,good,
mesocosm_monitoring,2019-03-18 15:49:00,jordan,B0,normal,s.hystrix,5,0.903,25.1,35.0,good,
mesocosm_monitoring,2019-03-18 15:49:00,jordan,B0,normal,s.hystrix,6,0.564,25.1,35.0,good,
mesocosm_monitoring,2019-03-18 15:49:00,jordan,B0,normal,s.hystrix,7,1.086,25.1,35.0,good,
mesocosm_monitoring,2019-03-18 15:49:00,jordan,B0,normal,s.hystrix,8,0.312,25.1,35.0,good,
mesocosm_monitoring,2019-03-18 15:49:00,jordan,B0,normal,s.hystrix,9,0.729,25.1,35.0,good,
mesocosm_monitoring,2019-03-18 15:49:00,jordan,B0,normal,s.hystrix,10,1.304,25.1,35.0,good,
mesocosm_monitoring,2019-03-18 15:49:00,jordan,B0,normal,s.hystrix,11,0.755,25.1,35.0,good,
mesocosm_monitoring,2019-03-18 15:49:00,jordan,B0,normal,s.hystrix,12,1.408,25.1,35.0,good,
mesocosm_monitoring,2019-03-18 15:49:00,jordan,B0,normal,s.hystrix,13,0.804,25.1,35.0,good,
mesocosm_monitoring,2019-03-18 15:49:00,jordan,B0,normal,s.hystrix,14,0.291,25.1,35.0,good,
mesocosm_monitoring,2019-03-18 15:49:00,jordan,B0,normal,s.hystrix,15,,25.1,35.0,dead,
mesocosm_monitoring,2019-03-18 15:49:00,jordan,B0,normal,s.hystrix,16,0.315,25.1,35.0,good,
mesocosm_monitoring,2019-03-18 15:49:00,jordan,B0,normal,s.hystrix,17,0.702,25.1,35.0,good,
mesocosm_monitoring,2019-03-18 15:49:00,jordan,B0,normal,s.hystrix,18,1.140,25.1,35.0,good,
mesocosm_monitoring,2019-03-18 15:49:00,jordan,B0,normal,s.hystrix,19,0.834,25.1,35.0,good,
mesocosm_monitoring,2019-03-18 15:49:00,jordan,B0,normal,s.hystrix,20,0.897,25.1,35.0,good,
mesocosm_monitoring,2019-03-18 15:49:00,jordan,B0,normal,s.hystrix,21,0.711,25.1,35.0,good,
mesocosm_monitoring,2019-03-18 15:49:00,jordan,B0,normal,s.hystrix,22,0.435,25.1,35.0,good,
mesocosm_monitoring,2019-03-18 15:49:00,jordan,B0,normal,s.hystrix,23,0.597,25.1,35.0,good,
mesocosm_monitoring,2019-03-18 15:49:00,jordan,B0,normal,s.hystrix,24,1.034,25.1,35.0,good,
mesocosm_monitoring,2019-03-18 15:49:00,jordan,B0,normal,s.hystrix,25,0.733,25.1,35.0,good,
mesocosm_monitoring,2019-03-18 15:49:00,jordan,B0,normal,s.hystrix,26,1.290,25.1,35.0,good,
mesocosm_monitoring,2019-03-18 15:49:00,jordan,B0,normal,s.hystrix,27,0.914,25.1,35.0,good,
mesocosm_monitoring,2019-03-18 15:49:00,jordan,B0,normal,s.hystrix,28,1.068,25.1,35.0,good,
mesocosm_monitoring,2019-03-18 15:49:00,jordan,B0,normal,s.hystrix,29,1.029,25.1,35.0,good,
mesocosm_monitoring,2019-03-18 15:49:00,jordan,B0,normal,s.hystrix,30,0.778,25.1,35.0,good,
mesocosm_monitoring,2019-03-18 15:49:00,jordan,B0,normal,s.hystrix,31,1.477,25.1,35.0,good,
mesocosm_monitoring,2019-03-18 15:49:00,jordan,B0,normal,s.hystrix,32,0.684,25.1,35.0,good,
mesocosm_monitoring,2019-03-18 15:49:00,jordan,B0,normal,s.hystrix,33,1.226,25.1,35.0,good,
mesocosm_monitoring,2019-03-18 15:49:00,jordan,B0,normal,s.hystrix,34,0.902,25.1,35.0,good,
mesocosm_monitoring,2019-03-18 15:49:00,jordan,B0,normal,s.hystrix,35,0.656,25.1,35.0,good,
mesocosm_monitoring,2019-03-18 15:49:00,jordan,B0,normal,s.hystrix,36,1.045,25.1,35.0,good,
mesocosm_monitoring,2019-03-18 15:49:00,jordan,B0,normal,s.hystrix,37,0.956,25.1,35.0,good,
mesocosm_monitoring,2019-03-18 15:49:00,jordan,B0,normal,s.hystrix,38,0.702,25.1,35.0,good,
mesocosm_monitoring,2019-03-18 15:49:00,jordan,B0,normal,s.hystrix,39,1.700,25.1,35.0,good,
mesocosm_monitoring,2019-03-18 15:49:00,jordan,B0,normal,s.hystrix,40,1.586,25.1,35.0,good,
mesocosm_monitoring,2019-03-18 15:49:00,jordan,B0,normal,s.hystrix,41,1.695,25.1,35.0,good,
mesocosm_monitoring,2019-03-18 15:49:00,jordan,B0,normal,s.hystrix,42,0.822,25.1,35.0,good,
mesocosm_monitoring,2019-03-18 15:49:00,jordan,B0,normal,s.hystrix,43,1.062,25.1,35.0,good,
mesocosm_monitoring,2019-03-18 15:49:00,jordan,B0,normal,s.hystrix,44,1.896,25.1,35.0,good,
mesocosm_monitoring,2019-03-18 15:49:00,jordan,B0,normal,s.hystrix,45,0.950,25.1,35.0,good,
mesocosm_monitoring,2019-03-18 15:49:00,jordan,B0,normal,s.hystrix,46,1.074,25.1,35.0,good,
mesocosm_monitoring,2019-03-18 15:49:00,jordan,B0,normal,s.hystrix,47,0.609,25.1,35.0,good,
mesocosm_monitoring,2019-03-18 15:49:00,jordan,B0,normal,s.hystrix,48,1.145,25.1,35.0,good,
mesocosm_monitoring,2019-03-18 15:49:00,jordan,B0,normal,s.hystrix,49,1.887,25.1,35.0,good,
mesocosm_monitoring,2019-03-18 15:49:00,jordan,B0,normal,s.hystrix,50,0.676,25.1,35.0,good,
mesocosm_monitoring,2019-03-18 15:49:00,jordan,B0,normal,s.hystrix,51,1.486,25.1,35.0,good,
mesocosm_monitoring,2019-03-18 15:49:00,jordan,B0,normal,s.hystrix,52,1.002,25.1,35.0,good,
mesocosm_monitoring,2019-03-18 15:49:00,jordan,B0,normal,s.hystrix,53,1.383,25.1,35.0,good,
mesocosm_monitoring,2019-03-18 15:49:00,jordan,B0,normal,s.hystrix,54,0.851,25.1,35.0,good,
mesocosm_monitoring,2019-03-18 15:49:00,jordan,B0,normal,s.hystrix,55,0.774,25.1,35.0,good,
mesocosm_monitoring,2019-03-18 15:49:00,jordan,B0,normal,s.hystrix,56,1.130,25.1,35.0,good,
mesocosm_monitoring,2019-03-18 15:49:00,jordan,B0,normal,s.hystrix,57,2.071,25.1,35.0,good,
mesocosm_monitoring,2019-03-18 15:49:00,jordan,B0,normal,s.hystrix,58,1.387,25.1,35.0,good,
mesocosm_monitoring,2019-03-18 15:49:00,jordan,B0,normal,s.hystrix,59,1.145,25.1,35.0,good,
mesocosm_monitoring,2019-03-18 15:49:00,jordan,B0,normal,s.hystrix,60,1.163,25.1,35.0,good,
mesocosm_monitoring,2019-03-18 15:49:00,jordan,B0,normal,s.hystrix,61,0.569,25.1,35.0,good,
mesocosm_monitoring,2019-03-18 15:49:00,jordan,B0,normal,s.hystrix,62,1.280,25.1,35.0,good,
mesocosm_monitoring,2019-03-18 15:49:00,jordan,B0,normal,s.hystrix,63,2.125,25.1,35.0,good,
mesocosm_monitoring,2019-03-18 15:49:00,jordan,B0,normal,s.hystrix,64,1.348,25.1,35.0,good,
mesocosm_monitoring,2019-03-18 15:49:00,jordan,B0,normal,s.hystrix,65,2.211,25.1,35.0,good,
mesocosm_monitoring,2019-03-18 15:49:00,jordan,B0,normal,s.hystrix,66,1.539,25.1,35.0,good,
mesocosm_monitoring,2019-03-18 15:49:00,jordan,B0,normal,s.hystrix,67,1.805,25.1,35.0,good,
mesocosm_monitoring,2019-03-18 15:49:00,jordan,B0,normal,s.hystrix,68,1.343,25.1,35.0,good,
mesocosm_monitoring,2019-03-18 15:49:00,jordan,B0,normal,s.hystrix,69,1.666,25.1,35.0,good,
mesocosm_monitoring,2019-03-18 15:49:00,jordan,B0,normal,s.hystrix,70,0.434,25.1,35.0,good,
mesocosm_monitoring,2019-03-18 15:49:00,jordan,B0,normal,s.hystrix,71,1.262,25.1,35.0,good,
mesocosm_monitoring,2019-03-18 15:49:00,jordan,B0,normal,s.hystrix,72,1.432,25.1,35.0,good,
mesocosm_monitoring,2019-03-18 15:49:00,jordan,B0,normal,s.hystrix,73,0.939,25.1,35.0,good,
mesocosm_monitoring,2019-03-18 15:49:00,jordan,B0,normal,s.hystrix,74,1.604,25.1,35.0,good,
mesocosm_monitoring,2019-03-18 15:49:00,jordan,B0,normal,s.hystrix,75,1.942,25.1,35.0,good,
mesocosm_monitoring,2019-03-18 15:49:00,jordan,B0,normal,s.hystrix,76,0.342,25.1,35.0,good,
mesocosm_monitoring,2019-03-18 15:49:00,jordan,B0,normal,s.hystrix,77,1.240,25.1,35.0,good,
mesocosm_monitoring,2019-03-18 15:49:00,jordan,B0,normal,s.hystrix,78,1.748,25.1,35.0,good,
mesocosm_monitoring,2019-03-18 15:49:00,jordan,B0,normal,s.hystrix,79,1.257,25.1,35.0,good,
mesocosm_monitoring,2019-03-18 15:49:00,jordan,B0,normal,s.hystrix,80,1.566,25.1,35.0,good,
mesocosm_monitoring,2019-03-18 15:49:00,jordan,B0,normal,s.hystrix,81,0.655,25.1,35.0,good,
mesocosm_monitoring,2019-03-18 15:49:00,jordan,B0,normal,s.hystrix,82,2.246,25.1,35.0,good,
mesocosm_monitoring,2019-03-18 15:49:00,jordan,B0,normal,s.hystrix,83,0.872,25.1,35.0,good,
mesocosm_monitoring,2019-03-18 15:49:00,jordan,B0,normal,s.hystrix,84,0.829,25.1,35.0,good,